source,target
ATXN7L2,LAMB1
LRP2,ABL1
RAB35,PTPRS
PTPRS,PTPRS
PTPRS,HTATIP
PTPRS,UTP14A
PTPRS,UNC119
PTPRS,UBR1
PTPRS,TUBB2A
PTPRS,SUMO2
PTPRS,SETDB1
PTPRS,PTPRN
PTPRS,PTN
PTPRS,PFN2
PTPRS,KIAA1377
PTPRS,KAT5
PTPRS,FEZ1
PTPRS,EEF1G
PTPRS,CHD3
PTPRS,NA
PRKD2,HDAC7A
HDAC7A,PRKD2
HDAC7A,SFN
NR2E3,NCOR1
DHX30,NCOR1
RDBP,NCOR1
NCOR2,NCOR1
LIN54,NCOR1
EBI-1264387,NCOR1
NCOR1,BAG1
NCOR1,ZMYND11
NCOR1,TRIM28
NCOR1,SRCAP
NCOR1,SMARCC2
NCOR1,SMARCC1
NCOR1,SMARCB1
NCOR1,SMARCA4
NCOR1,SKI
NCOR1,SF3B3
NCOR1,SF3A1
NCOR1,HDAC9
NCOR1,DACH1
NCOR1,ZBTB16
NCOR1,TCF12
NCOR1,RUNX1T1
NCOR1,ZBTB6
LY96,TLR4
SAPS1,NFKBIE
RP4-579N16.5,NFKBIE
ANKRD28,NFKBIE
EPS8L1,CD3E
CD3E,NCK1
CD3E,EPS8L3
CD3E,EPS8L2
CD3E,EPS8L1
CD3E,EPS8
CD3E,NCK2
FBN1,FBN1
PRKAB1,MYH10
USP22,DEDD
DEDD,RANBP3
DEDD,KHK
DEDD,CCDC59
PGF,FLT1
hA2aR,ACTN1
FXN,ACTN1
ATXN2,ACTN1
ACTN1,CAMK2A
ACTN1,XRCC4
ACTN1,SRC
ACTN1,MYOZ1
ACTN1,MAGEA11
RND1,PLXNB1
CFH,GRB2
TOMM20,APOA1
CLEC4G,APOA1
DAP,SETDB1
DPP8,CXCL12
CXCL12,CCR4
CXCL12,DIP-400N
CCR10,CXCL12
QKI,HCLS1
BNIP3L,BAD
BAD,SFN
BAD,GRB2
BAD,EWSR1
BAD,BNIP3L
BAD,BCL2L2
BAD,BCL2L1
BAD,BCL2
SDPR,CAV1
PRKCDBP,CAV1
FLOT1,CAV1
SCP2,CAV1
ID1,CAV1
MAGEH1,MOAP1
MOAP1,DPPA2
CNBP,DAP3
FGF19,FGFR4
FGFR4,FGF2
USF2,BIRC5
INCENP,BIRC5
CDCA8,BIRC5
AURKB,BIRC5
FLT1,PGF
FLT1,LDLR
PCSK9,LDLR
MAGED1,NOD1
CELSR2,NCK1
CELSR2,CRK
CELSR2,SRC
CELSR2,PHF10
CELSR2,KLF6
CELSR2,GARS
TRAF3IP3,PPP2R1B
STRN4,PPP2R1B
STK24,PPP2R1B
SIKE1,PPP2R1B
SGOL2,PPP2R1B
PPP2R5A,PPP2R1B
PPP2R2D,PPP2R1B
PPP2R2C,PPP2R1B
PPP2R2B,PPP2R1B
STRN3,PPP2R1B
RALA,PPP2R1B
FAM40A,PPP2R1B
DOCK5,PPP2R1B
CTTNBP2NL,PPP2R1B
CTTNBP2,PPP2R1B
BMPR1B,BMP2
BMPR1A,BMP2
BMP2,BMPR1A
BMP2,BMP2
BMP2,ACVR2A
BMP2,BMPR2
GNA13,ARHGEF1
ARHGEF1,RHOB
MMP2,LAMC2
CNKSR1,RASSF1
TUBB1,RASSF1
XPA,RASSF1
STK3,RASSF1
HRAS,CAV1
HRAS,RASSF1
EXOSC8,RASSF1
EWSR1,RASSF1
E4F1,RASSF1
CDC20,RASSF1
NOTCH3,ABL1
NOTCH3,NCK1
EIF4A2,PTPRS
EIF2C4,JAK1
PTPRN,PTPRS
PTPRN,MADD
MADD,VPS13D
MADD,PTPRN
CDC25B,KRAS
CDC25A,KRAS
KRAS,RASSF2
KRAS,RASA1
KRAS,RAF1
KRAS,FHOD1
KRAS,BRAF
KRAS,RIN1
PARD3,CSK
ID3,CSK
FCGR1A,LCP2
FCGR1A,CBL
FCGR1A,SHC1
HN,BAX
KCNA3,BAX
BAX,BCL2L11
BAX,HN
BAX,BCL2L1
BAX,BAK1
BAX,BCL2L2
BAX,BAX
BAX,UBA52
TLR3,PIK3R1
TLR3,SRC
TLR3,TLR3
TRPM7,MYH10
TRPM7,MYH9
TRPM6,MYH10
TRPM6,MYH9
USP1,MYH9
EPB41,MYH9
HLA-DQB1,HLA-DQA1
HLA-DQA1,CD74
HLA-DQA1,C1orf103
HLA-DQA1,UNC119
HLA-DQA1,TLE1
HLA-DQA1,SH3GL2
HLA-DQA1,RIF1
HLA-DQA1,HLA-DQB1
HLA-DQA1,HCRT
HLA-DQA1,APLP1
AKAP13,TGM2
AKAP13,PRKAR2A
CNTFR,NCK1
CNTFR,FYN
CNTFR,CRK
CNTFR,ABL1
CNTFR,PLSCR1
CNTFR,KRTAP4-12
CNTFR,APPBP2
CNTFR,CNTF
C16ORF14,PIK3CD
TNPO2,PIK3CD
RALY,PIK3CD
FAM195A,PIK3CD
PIK3CD,NCK1
PILRA,PTPN6
EPHB3,RBL1
EPHB3,EBI-1108795
GRIP1,NR3C1
CD3D,NR3C1
CCL1,CCR1
RABIF,HBXIP
HBXIP,GPRASP1
HBXIP,C1orf103
HBXIP,ZBTB16
HBXIP,VOPP1
HBXIP,UTP14A
HBXIP,RIF1
HBXIP,MAF1
HBXIP,KIAA1377
HBXIP,GIT1
HBXIP,GAPDH
HBXIP,EEF1A1
CDH1,FGFR1
ATG5,FGFR1
PLEKHA1,PTPN13
PLEKHA2,PTPN13
PKN2,PTPN13
STK25,PPP2R1B
PDCD10,PPP2R1B
PDCD10,PTPN13
GP1BA,VWF
F8,VWF
ADAMTS13,VWF
GABARAPL2,TKT
FTSJ1,TKT
EIF1B,TKT
ACTR6,TKT
GAP43,PRKCD
PRKCD,PRKCD
PRKCD,NCF1
PRKCD,CDCP1
PRKCD,SRC
PRKCD,GAP43
PRKCD,FYN
PRKCD,PTPN22
YAP2,TP73
YAP1,TP73
PPP1R13B,TP73
ITCH,TP73
PMS2,TP73
SLAMF1,SH2D1A
WBP4,WAS
GAS7,WAS
WIPF1,WAS
BRD7,LAMA4
40038273,LAMA4
MLLT4,EPHB3
EPHB6,MLLT4
BIRC5,XPO1
BIRC5,INCENP
BIRC5,EBI-979338
BIRC5,CDCA8
BIRC5,CDC2
BIRC5,BIRC5
BIRC5,AURKB
BIRC5,CASP9
KIT,PTPRJ
UBE4B,VCP
WDR8,VCP
UBXN8,VCP
UBXN6,VCP
UBXN4,VCP
UBXN10,VCP
TFE3,VCP
SIK2,PPP2R1B
SIK2,VCP
PPM1B,VCP
PON2,VCP
NDRG1,VCP
FAF2,VCP
DERL1,VCP
ATXN3,VCP
ASPSCR1,VCP
HNF4A,CITED2
HNF4A,STK16
HNF4A,SNCG
HNF4A,RAD50
HNF4A,PABPC4
HNF4A,EXT2
RHOB,FBN1
RHOB,INSR
GRB14,INSR
BCL2A1,BCL2L11
BCL2A1,BBC3
BAK1,BAX
BAK1,AKAP13
BCL2L2,BID
BID,YWHAB
BID,BCL2L2
BID,BCL2L1
BID,BCL2A1
BID,BCL2
BID,BAK1
PPP2R5B,IER3
MCL1,BAX
MCL1,BID
CAMLG,IER3
BAT3,IER3
DCTN4,ANK2
DMD,ANK2
ANK2,NCK1
ANK2,TNIK
ANK2,OBSCN
ANK2,DMD
CD2BP2,CD2
VCPIP1,VCP
UFD1L,VCP
NPLOC4,VCP
AMFR,VCP
FAF1,WDR26
FAF1,VCPIP1
FAF1,VCP
FAF1,UFD1L
FAF1,UBR4
FAF1,UBR2
FAF1,UBR1
FAF1,SKP1
FAF1,PLAA
FAF1,PJA2
FAF1,NPLOC4
FAF1,KLHL22
FAF1,KBTBD7
FAF1,FBXW11
FAF1,CUL3
FAF1,CUL2
FAF1,CUL1
FAF1,CSNK2B
FAF1,AMFR
ASCC2,MYH9
ASCC2,PIK3CD
ASCC2,FAF1
SERPINE1,VTN
SERPINE1,UBQLN4
SERPINE1,ORM1
ORM1,SERPINE1
HLA-DPA1,CD74
SORT1,GGA1
SORT1,GGA2
OPTN,TBK1
TNIP3,PPP2R1B
TNIP3,TBK1
AZI2,TBK1
CLEC4C,FCER1G
ATN1,LRP2
ATN1,JAG2
ITGB5,EPS8
ITGB5,TENC1
EXOSC4,MPZL1
USF1,PRKDC
TELO2,PRKDC
HOXB7,PRKDC
MAP1S,SOCS3
SOCS3,MAP1S
SOCS3,PIN1
USP49,PPP5C
PHLPP1,PPP5C
ESR2,PPP5C
PPP5C,ESR2
PPP5C,ESR1
PPP5C,DISC1
PPP5C,CSE1L
CCNT1,TP73
TCF4,EP300
TP73,WWOX
TP73,UBC
TP73,NEDD4
TP73,ITCH
TP73,YAP1
PPARG,EP300
TFAP2A,EP300
POU3F2,EP300
CITED2,HNF4A
ETV4,EP300
RBPJ,NOTCH1
SNW1,NOTCH1
MAML1,NOTCH1
JAG1,NOTCH1
DDX58,CYLD
LOC162632,CYLD
USP36,CHD4
MME,DNAJB12
MME,MYH9
MME,IRAK2
EPHA1,EBI-1108795
CCL16,CCR2
CCR2,CCL2
CCR2,CCL13
CCR2,CCL7
NGF,NTRK1
NFATC1,OGT
MAP4K1,GRB2
MAP4K1,SRC
MAP4K1,PLCG1
MAP4K1,PIK3R1
MAP4K1,NCK1
MAP4K1,FYN
MAP4K1,CRKL
MAP4K1,CRK
MAP4K1,ABL1
SLC9A3R2,PDGFRB
SLC9A3R1,PDGFRB
PTEN,CAV1
PTEN,PDGFRB
PTPRR,PDGFRB
PTPRE,PTPRE
PTPRE,PDGFRB
PLXNB1,MRAS
PLXNB1,SEMA4A
PLXNB1,RND3
HGF,MET
HGFAC,MET
NEK3,PRLR
PRLR,YWHAG
PRLR,YWHAZ
PRLR,GH1
TBKBP1,TBK1
CYLD,DDX58
CYLD,UBC
CYLD,SPATA2L
CYLD,SPATA2
CYLD,MYO6
CYLD,MGEA5
CYLD,CEP192
CYLD,CAMK2D
VAMP3,IKBKE
PLP2,CCR1
PLP2,IKBKE
PTPRF,CAV1
PTPRF,PTPRF
GRWD1,MAP3K14
DAD1,IKBKE
C6orf125,IKBKE
EFEMP2,LRDD
CCDC85B,MOAP1
CCDC85B,LRDD
AXIN1,MYC
SRP14,MYC
SKP2,MYC
RFC4,MYC
nt_006713_14_human,MYC
ZNF121,MYC
XRN1,CHD4
TOP1,PRKDC
SNIP1,FAF1
SNIP1,MYC
PPP6C,NFKBIE
FLJ10350,APOA1
HELLS,MYC
FBXW8,MYC
cdk4_human_dna,MYC
AP2S1,MYC
4xebox_dna,MYC
TRRAP,MYC
MAX,MYC
GCN5L2,MYC
TADA2L,MYC
SUPT3H,MYC
PFDN5,MYC
MYCBP2,MYC
MXI1,MYC
EP400,MYC
MST1,MST1R
UBE2L6,MAP3K1
RPL10A,MAP3K14
MAP4K2,MAP3K1
RPL4,MAP3K14
WDR68,MAP3K1
ADAM17,DLG1
ADAM17,PTPN3
ADAM17,APP
RPS6KA2,PRKCA
PRKCE,BAX
PRKCE,PRKCA
INADL,PRKCA
GIPC1,PRKCA
BRAF,MAP3K1
BRAF,PRKCA
RICTOR,PRKCA
PRKCA,TYK2
PRKCA,RALBP1
PRKCA,RAC1
PRKCA,NCF1
PRKCA,JAK1
PRKCA,EIF2S1
PRKCA,UBC
PRKCA,TRIM41
PRKCA,AKAP5
ARID3A,BTK
FCER1G,GP6
FCER1G,BTK
SH3BP5,BTK
IBTK,BTK
BECN1,DAPK1
MIA3,COL7A1
COL7A1,ZC3H7A
COL7A1,SHKBP1
COL7A1,MIA3
COL7A1,HSPA8
COL7A1,FBXL2
VEGFA,FLT1
VEGFA,KDR
WWOX,TP73
WWOX,TP53
HIPK2,EP300
TOE1,TP53
RYBP,TP53
DYNC1I1,TP53
CHEK2,VCP
CHEK2,TP53
CEBPZ,TP73
CEBPZ,TP53
BHLHE40,TP53
SYVN1,TP53
SP1,TP53
SNURF,TP53
RFWD2,TP53
RASGRF1,TP53
PPP2R5C,PPP2R1B
PPP2R5C,IER3
PPP2R5C,TP53
PLK1,TP53
NR4A1,BCL2A1
NR4A1,TP53
NMT1,TP53
MT1A,TP53
MAP1B,TP53
ING4,TP53
CHEK1,TP53
C16orf53,TP53
ZNF24,TP53
ZCCHC10,TP53
XRCC1,TP53
WDR48,TP53
WDR33,TP53
USP39,TP53
USP11,TP53
UBE3A,TP53
TP53TG1,TP53
Z85996,TP53
XRCC6,PRKDC
XRCC6,TP53
WRN,VCP
WRN,TP53
PCDHA4,TP53
KIAA0087,TP53
TMSB4X,TP53
TK1,TP53
THAP8,TP53
SULT1E1,TP53
STX5,TP53
SNRPN,TP53
SERPINB9,TP53
SCAMP1,TP53
SAT1,EPHB6
SAT1,TP53
RPS7,TP53
RAB4A,TP53
PPA1,TP53
PIAS2,MYC
PIAS2,TP53
PIAS1,TP53
PBK,TP53
PAFAH1B3,TP53
p53_be_human_dna,TP53
P06748-1,TP53
NFYB,TP53
NFYA,TP53
MPHOSPH6,TP53
MAPKAPK5,TP53
MAPK11,TP53
MAGEB18,TP53
MAD2L1BP,TP53
KAT5,TP53
HUWE1,TP53
HNRNPUL1,TP53
GSTM4,TP53
FXYD6,TP53
FBXO11,TKT
FBXO11,TP53
FAM173A,TP53
EIF2S2,TP53
DLEU1,TP53
CUL7,TP53
COX17,TP53
CEBPB,TP53
CDKN2C,TP53
CDKN1A,TP53
CCL18,TP53
CCDC106,TP53
BTBD2,TP53
BCR,TP53
BARD1,TP53
ARL3,TP53
APTX,TP53
AP002907,TP53
AP000920,TP53
ANXA3,TP53
AC008532,TP53
RCHY1,TP53
PPP1R13L,TP73
PPP1R13L,TP53
MDM4,TP73
MDM4,TP53
BRCA1,JAK1
BRCA1,TP53
TP53BP1,TP53
TAF6,TP53
RRM2,TP53
RPA1,TP53
MED1,TP53
HMGB1,TP73
HMGB1,TP53
BRCA2,TP53
NMT2,TP53
NMT2,CASP3
WNK3,CASP3
MARK3,IKBKB
MAVS,CYLD
MAVS,IKBKE
MAVS,IKBKB
TPX2,IKBKB
UBE2F,TYK2
PTP4A3,STAT1
LMO2,STAT1
GSTK1,OGFR
GSTK1,STAT1
NR3C1,MED25
NR3C1,SFN
NR3C1,SMARCC1
NR3C1,SMARCA4
NR3C1,TP53BP1
NR3C1,UBE3A
NR3C1,CD4
NR3C1,LCK
CD2,PSTPIP1
CD2,FYN
CD2,CD2BP2
CD2,CD2AP
CD2,TNRC15
CD2,LCK
MED28,LCK
LAT,LCK
CD5,CD72
CD5,HNRNPU
CD5,PIK3C3
HIP2,BIRC7
NUMB,EGFR
FES,EGFR
DOK5,EGFR
APBB2,EGFR
SH2B1,EGFR
NUMBL,EGFR
CMTM8,EGFR
APBA3,EGFR
SLC5A1,EGFR
P68431,EGFR
GAB2,EGFR
SGSM2,EGFR
RABGEF1,EGFR
CDCP1,PRKCD
CDC2,BIRC5
CDC2,TP53
CD59,EGFR
ATP5C1,EGFR
AREG,EGFR
ZNF512B,MYH10
ZNF512B,VWF
ZNF512B,PTPRF
ZNF512B,TRAF4
SMURF2,TRAF4
ZAP70,LCK
ZAP70,EGFR
ZAP70,ERBB3
SH2D1A,SLAMF1
SH2D1A,LCK
SH2D1A,EGFR
SH2D1A,ERBB3
CHN2,ERBB3
TNS4,EGFR
TNS4,ERBB3
FGFR1,CTNNB1
FGFR1,CDH1
FGFR1,FGF1
FGFR1,FGF2
FGFR1,ERBB3
DAPP1,ERBB3
RASA4,ERBB3
ODF2L,ERBB3
FLYWCH1,ERBB3
KIAA0776,CASP4
HIGD1A,CASP4
NUP93,MYC
CDK2,SORT1
CDK2,EP300
CASP4,VDAC3
CASP4,VDAC1
CASP4,USP9X
CASP4,UMPS
CASP4,TMEM147
CASP4,SSR4
CASP4,SRPRB
CASP4,SNRPA1
CASP4,SNRNP200
CASP4,SMC4
CASP4,SMC3
CASP4,SMC2
CASP4,SMC1A
CASP4,SLC25A22
CASP4,SLC25A1
CASP4,PTPLAD1
CASP4,PSMB1
CASP4,NUP93
CASP4,MYCBPAP
CASP4,MTHFD1L
CASP4,MSH6
CASP4,MDN1
CASP4,LSM10
CASP4,LOC51035
CASP4,IARS2
CASP4,HEATR2
CASP4,GSN
CASP4,GCN1L1
CASP4,EIF2S3
CASP4,DCTN1
CASP4,CTNNBIP1
CASP4,COPE
CASP4,CDK2
CASP4,CCDC59
CASP4,NOD2
SMAD9,DNAJA3
PHLDA3,NTRK1
PHLDA3,DNAJA3
COIL,ACTN1
COIL,DNAJA3
Q90VU7,LCK
Q90VU7,LYN
PTK2,TP53
PTK2,LYN
PAK2,MYH10
PAK2,LYN
HCLS1,SH2D4A
HCLS1,QKI
SPHK2,LYN
CSNK2B,LYN
GP6,LYN
CDK4,LYN
CD22,SYK
CD22,LYN
IL7R,IL7
RUNX1,EP300
RUNX1,CREBBP
IRF3,TBK1
HIF1A,EP300
CRTC2,CREBBP
SREBF2,HNF4A
SREBF2,CREBBP
RPA2,PRKDC
RPA2,CREBBP
KHDRBS1,LCK
KHDRBS1,LYN
KHDRBS1,CREBBP
HTT,TP53
HTT,CREBBP
NMI,STAT1
KAT2B,CREBBP
IRF5,CREBBP
CREB1,EP300
CREB1,CREBBP
SREBF1,CREBBP
PAPOLA,REL
CXCR3,CCL5
CCR3,CCL5
CCR1,PLP2
CCR1,CREB3
CCR1,CCL4L2
CCR1,CCL16
CCR1,CCL15
CCR1,CCL14
CCR1,CCL7
CCR1,CCL5
VWF,GP1BA
VWF,ADAMTS13
VWF,VWF
ITGA2B,ITGB3
RARA,NCOA3
NCOA1,CREBBP
NCOA1,NCOA3
PSMB9,NCOA3
PSME3,TP53
ESR1,PPP5C
ESR1,EGFR
ESR1,NCOA3
ATAD2,NCOA3
FANCC,HSP90B1
SIRT3,HSP90B1
MAPK13,HSP90B1
CHM,FAF1
CHM,HSP90B1
GGA2,SORT1
SORL1,GGA1
SORL1,GGA2
CFTR,HCLS1
CFTR,VCP
CFTR,PRKDC
CFTR,SORL1
CD4,NR3C1
CD4,DIP-400N
CD4,CD4
CD4,IL16
CD4,LCK
CCL8,CCR1
CCL8,CCR2
CCL8,CCR5
CCL5,BLR1
CCL5,DIP-400N
CCL5,CCR5
CCL2,CCRL1
CCL2,CCR1
CCL2,CCR2
CCL2,CCR5
CCL11,CCR5
CCL3,CCR1
CCL3,CCR5
CCL4L2,CCR5
SKIL,NCOR1
SKIL,FAF1
SKIL,PTPRF
SKIL,LRP1
USP3,LRP1
NLK,MAP3K7
MAPK8,KRAS
MAPK8,TP53
FKBP5,MAP3K7
VAV3,ESR1
VAV3,ERBB3
VAV3,ERBB2
VAV2,PRLR
VAV2,ERBB3
VAV2,ERBB2
TXK,ERBB3
TXK,ERBB2
TNS3,ERBB3
TNS3,ERBB2
TLN1,EGFR
TLN1,ITGB3
TLN1,ERBB2
SHC3,EGFR
SHC3,ERBB3
SHC3,ERBB2
SH2B3,EGFR
SH2B3,ERBB3
SH2B3,ERBB2
RIN1,EGFR
RIN1,ERBB3
RIN1,ERBB2
RASA1,EGFR
RASA1,ERBB3
RASA1,ERBB2
PTPN11,CAV1
PTPN11,MPZL1
PTPN11,EGFR
PTPN11,ERBB2
PLCG2,EGFR
PLCG2,ERBB2
PIK3R3,EGFR
PIK3R3,ERBB3
PIK3R3,ERBB2
GRB7,ERBB3
GRB7,ERBB2
GRAP2,ERBB2
FER,ERBB3
FER,ERBB2
DAB1,ERBB3
DAB1,ERBB2
CRKL,MAP4K1
CRKL,ERBB3
CRKL,ERBB2
CHN1,ERBB2
BMX,EGFR
BMX,ERBB2
BCAR3,VCP
BCAR3,ERBB3
BCAR3,ERBB2
ANKS1A,EGFR
ANKS1A,ERBB2
ABL2,EGFR
ABL2,ERBB3
ABL2,ERBB2
SLA,EGFR
SLA,ERBB2
UNQ175,ERBB2
SUPT6H,ERBB2
SLA2,ERBB2
SHC2,EGFR
SHC2,ERBB2
SH2D5,ERBB2
SH2D2A,LCK
SH2D2A,EGFR
SH2D2A,ERBB2
SH2D1B,ERBB2
SH2B2,ERBB2
RIN2,EGFR
RIN2,ERBB2
MIST,EGFR
MIST,ERBB2
MATK,ERBB2
MAPK8IP2,EGFR
MAPK8IP2,ERBB2
DOK6,EGFR
DOK6,ERBB2
DOK4,EGFR
DOK4,ERBB2
DOK1,ERBB2
CISH,EGFR
CISH,ERBB2
BLNK,ERBB2
BLK,EGFR
BLK,ERBB2
APBB3,EGFR
APBB3,ERBB2
APBB1,EGFR
APBB1,ERBB2
PTPRZ1,CSK
PTPRZ1,LCK
PTPRO,CSK
PTPRO,WAS
PTPRO,INSR
PTPRO,MET
PIK3C2B,PDGFRB
PIK3C2B,EGFR
NRG1,ERBB3
NRG1,ERBB2
ERBB4,ERBB3
PTK6,EGFR
PTK6,ERBB3
SNAPAP,LAMC1
SNAPIN,LAMC1
LAMA4,C1orf103
LAMA4,BRD7
LAMA4,ZHX1
LAMA4,UNC119
LAMA4,UBR1
LAMA4,TUBB2A
LAMA4,SUMO2
LAMA4,RIF1
LAMA4,PTN
LAMA4,MED31
LAMA4,LAMC3
LAMA4,LAMB2
LAMA4,LAMB1
LAMA4,GAPDH
LAMA4,EEF1A1
LAMA4,COPS6
LAMA4,TP53
LAMA4,LAMC1
LAMA3,LAMB1
LAMA3,LAMC2
LAMA3,LAMC1
LAMA2,LAMB1
LAMA2,LAMC1
LAMA1,LAMB1
LAMA1,LAMC1
CCDC53,LAMC1
MAPK14,NCOA3
MAPK14,MAP3K7IP1
VRK2,MAP3K7
VRK2,MAP3K7IP1
GPS1,CARD11
GPS1,MALT1
UBE2G2,MALT1
VHL,TKT
VHL,ITGAL
VHL,MALT1
VHL,FN1
CTGF,ITGA5
CTGF,FN1
SCGB1A1,FN1
CD79A,FN1
TF,APOA1
TF,FN1
TBP,TP53
TBP,FN1
ITGB3,RGS12
ITGB3,RABGAP1
ITGB3,PTPN1
ITGB3,MAPK8IP1
ITGB3,GULP1
ITGB3,EPS8
ITGB3,ANKS1B
ITGB3,TENC1
ITGB3,VWF
ITGB3,VTN
ITGB3,ITGB3
ITGB3,ITGAV
ITGB3,ITGA2B
ITGB3,FN1
ITGAV,VTN
ITGAV,ITGB8
ITGAV,ANGPTL3
ITGAV,ITGB5
ITGAV,ITGB3
ITGAV,FN1
IGHM,APOA1
IGHM,FN1
IGHA1,APOA1
IGHA1,FN1
FN1,ITGA5
FN1,FYN
FN1,CTGF
FN1,SCGB1A1
FN1,FN1
ADAM9,SH3GL2
PLEC1,ITGB4
ITGAL,RANBP9
ITGAL,ICAM3
ICAM1,UBC
ICAM1,ITGAL
WDR92,MAP3K3
S100A8,TP53
PFDN1,IKBKE
MCC,MYH10
MCC,TKT
MCC,VCP
DLG1,ADAM17
DLG1,LCK
ALK,PTPRB
ALK,PTN
MAP2K5,MAP3K3
PDRG1,MAP3K3
GPSM3,FGFR3
RPL8,MAP3K14
GUSBP1,TP53
FGF1,FGFR4
FGF1,FGFR3
FGF5,FGFR1
FGF7,FGFR3
FGF4,FGFR3
FGFR3,KIAA1849
FGFR3,HNRNPL
FGFR3,SMG7
FGFR3,SLC25A6
FGFR3,RPL8
FGFR3,RNF130
FGFR3,POLA2
FGFR3,NDUFS6
FGFR3,KRT8
FGFR3,KIAA1377
FGFR3,HBZ
FGFR3,GUSBP1
FGFR3,GTF3C1
FGFR3,FLJ10324
FGFR3,FGFR3
FGFR3,CTSK
FGFR3,CHGB
FGFR3,CCDC17
FGFR3,BORA
FGFR3,ATF3
FGFR3,ARAP1
FGFR3,FGF1
FGFR3,FGF5
RAF1,AKT1
PEBP4,AKT1
PPP2CA,PPP2R1B
PPP2CA,AKT1
TERT,AKT1
STK4,RASSF1
STK4,AKT1
TOPBP1,AKT1
BCL2L11,BAD
BCL2L11,BAX
BCL2L11,AKT1
ASXL1,AKT1
SETDB1,AKT1
PPL,AKT1
APOH,TP53
AHSG,AKT1
MXD1,AKT1
GSK3B,TP53
THOC4,AKT1
ITPR1,AKT1
GIT1,ADRBK1
ADRBK1,MDM2
ADRBK1,EGFR
ADRBK1,UBC
PDIA3,LAMB1
PDIA3,ITGA3
PDIA3,LDLR
PDIA3,LAMC2
PDIA3,ITGB5
PDIA3,ITGA6
PDIA3,ADAM17
PDIA3,LAMC1
PDIA3,ITGB1
FHL2,ITGA3
FHL2,CSK
FHL2,ITGB1
EMILIN1,ITGB1
CD63,ITGB1
ITGA2,ITGB1
PSAP,GHR
PTPRK,CSK
PTPRK,MET
PTPRK,GHR
PTPRH,GHR
PTPN12,WAS
PTPN12,INSR
PTPN12,MET
PTPN12,LCK
PTPN12,TEK
PTPN12,ERBB2
PTPN12,GHR
PTPRB,CSK
PTPRB,INSR
PTPRB,NTRK1
PTPRB,PDGFRB
PTPRB,EGFR
PTPRB,TEK
PTPRB,ERBB2
PTPRB,GHR
PTPN9,GHR
PTPN3,MET
PTPN3,ERBB2
PTPN3,GHR
PTPN2,GHR
NCOA6,GHR
DUSP7,GHR
GH1,TKT
GH1,GHR
KDR,SHC1
KDR,NCK1
KDR,GRB2
KDR,FYN
KDR,CDH5
KDR,NRP1
KDR,KDR
KDR,FIGF
KDR,A2R
KDR,VEGFA
KDR,FLT4
FLT4,KDR
FLT4,FIGF
FLT4,VEGFC
CD93,CRK
CASP6,NUCB1
CASP6,NUCB2
CASP6,CHD3
IL1RN,IL1R1
PRPF40A,PTPRF
PRPF40A,IL1RAP
IL1RAP,TICAM2
PDGFB,PDGFRB
PDGFB,PDGFRA
PDGFRA,PDGFA
MAP3K2,MAP3K5
DAB2IP,MAP3K5
YWHAQ,MAP3K3
YWHAH,BAD
YWHAH,MAP3K3
SFN,HDAC7A
SFN,BAX
EBI-1108795,EPHB3
EBI-1108795,EPHA1
EBI-1108795,MAP3K1
EBI-1108795,ALK
EBI-1108795,MAP3K5
EGF,S100A4
EGF,EGFR
POU1F1,ETS1
MEIS1,ETS1
SUMO2,PLAUR
PLAU,PLAUR
PLAUR,SURF2
PLAUR,PFN2
PLAUR,EEF1A1
PLAUR,LYN
PLAUR,JAK1
PLAUR,HCK
PLAUR,TYK2
FGR,ERBB2
FGR,PLAUR
PXMP2,SIVA1
GRINL1A,SIVA1
BCL2L1,BAD
BCL2L1,BAX
BCL2L1,BID
BCL2L1,SIVA1
PELI2,IRAK1
MYC,RPL11
MYC,AXIN1
MYC,ARF1
MYC,UBC
MYC,ZNF281
MYC,ZNF121
MYC,ZBTB17
MYC,YWHAQ
MYC,YWHAE
MYC,YWHAB
MYC,XRN1
MYC,XRCC6
MYC,XRCC5
MYC,XPOT
MYC,XPO7
MYC,XPO5
MYC,XPO1
MYC,WDR77
MYC,WDR5
MYC,UTP15
MYC,USP9X
MYC,UNC45A
MYC,UBR2
MYC,UBE3C
MYC,TUBGCP4
MYC,TUBGCP2
MYC,TUBG1
MYC,TUBA4A
MYC,TTC27
MYC,TRM1L
MYC,TRIM28
MYC,TOP2A
MYC,TOP1
MYC,TNPO3
MYC,TMPO
MYC,TMEM33
MYC,TCP1
MYC,SUCLG1
MYC,STAG2
MYC,SSR4
MYC,SR140
MYC,SQSTM1
MYC,SQRDL
MYC,SPTLC1
MYC,SP1
MYC,SNRNP200
MYC,SNIP1
MYC,SMC4
MYC,SMC3
MYC,SMC2
MYC,SMC1A
MYC,SMARCC2
MYC,SMARCC1
MYC,SMARCAD1
MYC,SMARCA5
MYC,SMARCA4
MYC,SLIT2
MYC,SLC25A13
MYC,SLC25A12
MYC,SLC25A11
MYC,SLC25A1
MYC,SKP1
MYC,SKIV2L
MYC,SHOC2
MYC,SEC61A1
MYC,SARS
MYC,RUVBL2
MYC,RUVBL1
MYC,RPP30
MYC,RPN2
MYC,RPN1
MYC,RNH1
MYC,RNGTT
MYC,RFC5
MYC,RFC3
MYC,RFC2
MYC,RFC1
MYC,RANBP2
MYC,RAF1
MYC,PTPN14
MYC,PTGES2
MYC,PSME4
MYC,PSMD4
MYC,PSMD3
MYC,PSMD2
MYC,PSMC6
MYC,PSMC4
MYC,PSMC3
MYC,PSMC2
MYC,PSMC1
MYC,PSMB5
MYC,PSMB4
MYC,PSMB3
MYC,PSMB1
MYC,PSMA7
MYC,PSMA5
MYC,PSMA4
MYC,PSMA3
MYC,PSMA2
MYC,PSMA1
MYC,PRPF8
MYC,PRPF6
MYC,PRKDC
MYC,PPT1
MYC,PPP6C
MYC,PPP1CA
MYC,POLR2B
MYC,POLR2A
MYC,POLR1A
MYC,POLE
MYC,POLD1
MYC,PLOD3
MYC,PLK1
MYC,PIAS2
MYC,PGAP1
MYC,PELO
MYC,PDS5B
MYC,PDS5A
MYC,PDCD11
MYC,PCBP1
MYC,P4HA1
MYC,OPA1
MYC,OAT
MYC,NUP205
MYC,NUP188
MYC,NUP153
MYC,NUP133
MYC,nt_022184_14_human
MYC,NOP56
MYC,NONO
MYC,NOL9
MYC,NOL11
MYC,NOC2L
MYC,NMI
MYC,NEK9
MYC,NDUFS3
MYC,NDUFS2
MYC,NDUFS1
MYC,NDUFA8
MYC,NDUFA5
MYC,NCL
MYC,NCAPG2
MYC,NCAPD3
MYC,MYO9B
MYC,MYO9A
MYC,MYO5C
MYC,MYO5A
MYC,MYO1B
MYC,MYBBP1A
MYC,MTHFD1L
MYC,MSH6
MYC,MSH3
MYC,MSH2
MYC,MRPS34
MYC,MRPS22
MYC,MOGS
MYC,MMS19
MYC,MKLN1
MYC,METTL13
MYC,MDN1
MYC,MCM7
MYC,MCM3
MYC,MAX
MYC,MATR3
MYC,MARS
MYC,MAPKAP1
MYC,MAGED2
MYC,LRPPRC
MYC,LONP1
MYC,LMNA
MYC,LBR
MYC,LAS1L
MYC,KPNB1
MYC,KPNA4
MYC,KPNA2
MYC,KIAA1967
MYC,KIAA1524
MYC,IRS4
MYC,IQGAP3
MYC,IQGAP2
MYC,IQGAP1
MYC,IPO9
MYC,IPO7
MYC,IPO4
MYC,IPO13
MYC,IPO11
MYC,INTS1
MYC,ILVBL
MYC,IKBKAP
MYC,IGF2BP2
MYC,IGF2BP1
MYC,IDH3G
MYC,IDH3B
MYC,IDH3A
MYC,HUWE1
MYC,HSPH1
MYC,HSPD1
MYC,HSPB1
MYC,HNRNPK
MYC,HNRNPF
MYC,HNRNPC
MYC,HNRNPA0
MYC,HIST1H2BL
MYC,HIGD1A
MYC,HELLS
MYC,HEATR3
MYC,HEATR2
MYC,HEATR1
MYC,HDAC2
MYC,HDAC1
MYC,HADHB
MYC,GTF3C4
MYC,GTF3C3
MYC,GTF3C2
MYC,GTF3C1
MYC,GTF2I
MYC,GSG2
MYC,GNL3
MYC,GEMIN4
MYC,GCN1L1
MYC,GCDH
MYC,GANAB
MYC,FLJ10350
MYC,FBXW8
MYC,FBXW7
MYC,FBL
MYC,FASTKD2
MYC,FANCI
MYC,FANCD2
MYC,EXOC4
MYC,EXOC3
MYC,EXOC1
MYC,ETFA
MYC,ERCC3
MYC,EPPK1
MYC,EIF4ENIF1
MYC,EIF4A1
MYC,EIF3I
MYC,EIF3E
MYC,EFTUD2
MYC,EEF1G
MYC,ECT2
MYC,DYNC1H1
MYC,DPM1
MYC,DNM2
MYC,DNAJB6
MYC,DNAJA2
MYC,DIMT1L
MYC,DIAPH3
MYC,DHX37
MYC,DHX15
MYC,DDX52
MYC,DDX3X
MYC,DDX24
MYC,DDX20
MYC,DDX1
MYC,DCTN1
MYC,CYR61
MYC,CTPS
MYC,CSE1L
MYC,CPSF1
MYC,COPG2
MYC,COPG
MYC,COPB2
MYC,CHTF18
MYC,CHD5
MYC,CHD4
MYC,CEPT1
MYC,CEBPZ
MYC,cdk4_human_dna
MYC,CDC2
MYC,CCT8
MYC,CCT6A
MYC,CCT5
MYC,CCT4
MYC,CCT3
MYC,CCT2
MYC,C1QBP
MYC,BTAF1
MYC,BCR
MYC,ATP6V1H
MYC,ATP5J2
MYC,ATP5C1
MYC,ATP2A2
MYC,ATP1A1
MYC,ASS1
MYC,ARMC6
MYC,ARL1
MYC,ARHGEF2
MYC,ARF4
MYC,ARCN1
MYC,AP3D1
MYC,AP2A1
MYC,ALDH1B1
MYC,ALDH18A1
MYC,AKAP8L
MYC,AKAP8
MYC,ACTL6A
MYC,ACOT8
MYC,ACACA
MYC,ABCB7
MYC,AASS
MYC,UBA52
MYC,TRRAP
MYC,TAF9
MYC,TAF12
MYC,SF3B3
MYC,EP400
MYC,CDC6
MYC,BRCA1
MYC,YY1
MYC,DNAJA3
MYC,IRAK1
SOCS1,ERBB2
SOCS1,RELA
HDAC3,NCOR1
PRKCZ,AKT1
PRKCZ,RELA
CSNK2A1,WAS
CSNK2A1,RELA
SETD7,TP53
SETD7,RELA
PRKACA,RELA
GTF2B,EP300
GTF2B,RELA
UXT,RELA
TP53BP2,TP73
TP53BP2,TP53
TP53BP2,RELA
RPS6KA5,NR3C1
RPS6KA5,RELA
PHB,TP53
IL8,RELA
HIST1H1C,RELA
CDK5RAP3,RELA
CD69,RELA
ATF3,TP53
ATF3,RELA
AATF,RELA
SCYL3,CD44
WASL,LCK
CSF3R,UBC
YARS,TRAF6
UBE2E1,TRAF6
ZRANB1,PPP2R1B
ZNF675,TRAF6
UBE2D2,TRAF6
SAE1,IKBKE
RBBP7,NCOR1
PPP2CB,PPP2R1B
NPM1,TP53
NP,TP53
GMFB,IKBKE
ERH,TP53
CTPS,IKBKE
CD44,WASL
CD44,ERBB2
CD44,ACTR3
CD44,ACTR2
CD44,CD44
CD44,CD9
BTF3,IKBKE
ATIC,JAK1
APRT,IKBKE
TMBIM6,TRAF6
TICAM2,TRAF6
RAB5C,TRAF6
PELI3,MAP3K14
PELI3,MAP3K7
PELI3,IRAK1
PELI3,TRAF6
PELI1,IRAK1
PELI1,TRAF6
IL1R1,IL1RN
IL1R1,TICAM2
IL1R1,MAP3K14
IL1R1,IL1B
IL1R1,IRAK1
IL1R1,TRAF6
ATP5F1,TRAF6
PSMD6,CASP4
PSMC2,TRAF6
KCNQ1,TRAF6
SP100,CASP8AP2
SMAD2,ANK3
SMAD2,TP53
SMAD2,CREBBP
SMAD2,LAMA5
ATF7IP,LAMA4
ATF7IP,LAMC1
ATF7IP,FLT4
ATF7IP,LAMA5
MUC7,LAMA5
LAMA5,LAMC3
LAMA5,LAMC2
LAMA5,LAMC1
LAMA5,LAMB2
LAMA5,LAMB1
BTBD10,LAMA5
PTPRJ,PTPRJ
PTPRJ,WAS
PTPRJ,PPP1R12A
PTPRJ,PDPK1
PTPRJ,GRIN2B
PTPRJ,GAB1
PTPRJ,CTNNB1
PTPRJ,CSK
PTPRJ,CBL
PTPRJ,INSR
PTPRJ,PDGFRB
PTPRJ,MET
PTPRJ,EGFR
PTPRJ,TEK
PTPRJ,ALK
PTPRJ,ERBB2
PTPRJ,GHR
PTPRJ,TIE1
PTPRG,WAS
PTPRG,NTRK1
PTPRG,PDGFRB
PTPRG,MET
PTPRG,LCK
PTPRG,ALK
PTPRG,ERBB2
PTPRG,TIE1
MDFI,LRDD
MDFI,TRAF3IP2
VASP,NSMAF
ACTB,CD4
ACTB,LCK
ACTB,NSMAF
LIFR,OSM
LIFR,CNTF
LIFR,LIF
STAT1,UBE2F
STAT1,STAT2
STAT1,SMARCB1
STAT1,LPLUNC3
STAT1,IRF9
STAT1,EIF1AD
STAT1,STAT1
STAT1,ERBB2
STAT1,IFNGR1
IFNG,IFNGR1
UBXD8,SEL1L
OS9,SEL1L
IRS2,INSR
IRS2,IGF1R
GRB10,INSR
GRB10,EGFR
GRB10,IGF1R
ARHGEF12,IGF1R
YWHAG,AKAP13
YWHAG,PRKDC
YWHAG,LRP1
YWHAG,MAP3K3
YWHAG,IGF1R
PIK3R2,EGFR
PIK3R2,ERBB3
PIK3R2,ERBB2
PIK3R2,IGF1R
IRS1,INSR
IRS1,EGFR
IRS1,ERBB2
IRS1,IGF1R
YWHAB,AKAP13
YWHAB,INSR
YWHAB,BID
YWHAB,PRKDC
YWHAB,MAP3K3
YWHAB,IGF1R
SHC1,INSR
SHC1,EGFR
SHC1,ERBB3
SHC1,ERBB2
IGF1R,PTPN1
IGF1R,ARHGEF12
IGF1R,YWHAE
IGF1R,YWHAB
IGF1R,SLC23A3
IGF1R,IGF1R
IGF1R,CRK
IGF1R,PIK3R1
IGF1R,IGF1
IGF1R,SHC1
PTPN1,ACTN1
PTPN1,CAV1
PTPN1,INSR
PTPN1,TYK2
PTPN1,PDGFRB
PTPN1,MET
PTPN1,EGFR
PTPN1,ITGB3
PTPN1,GHR
PTPN1,IGF1R
PTPN1,NFKBIA
MED19,NFKBIA
RWDD3,NFKBIA
ZNF212,CSK
TGM2,AKAP13
TGM2,RELA
IKBKAP,MAP3K7
ANXA1,EGFR
LCMR1,NFKBIA
IKZF4,NFKBIA
ELP3,NFKBIA
ATF4,NFKBIA
CUL1,MYC
CUL1,NFKBIA
MCM5,NFKBIA
TAX1BP1,TRAF6
LAPTM5,TNFAIP3
KRR1,TNFAIP3
TICAM1,TNFAIP3
PRKCQ,MALT1
PRKCQ,BCL10
COPS5,CARD11
C9orf89,BCL10
BCL3,LCK
BCL3,BCL10
AKT1,STK4
AKT1,SORBS2
AKT1,RPS6KB1
AKT1,PRKCZ
AKT1,PPP2R1A
AKT1,PPP2CA
AKT1,PLCG1
AKT1,PDPK1
AKT1,FRAP1
AKT1,CDKN1B
AKT1,TOPBP1
AKT1,SH3RF1
AKT1,SETDB1
AKT1,SERTAD4
AKT1,PPL
AKT1,PI4K2B
AKT1,NCOA4
AKT1,DNAJB1
AKT1,BPGM
AKT1,APOH
AKT1,AKT1
AKT1,MDM2
AKT1,MAPT
AKT1,GSK3B
AKT1,FOXO1
AKT1,UBA52
AKT1,MAP3K5
AKT1,BCL10
SORBS2,AKT1
SH3PX3,WAS
SPAG5,ADAM15
MAD2L2,ADAM9
MAD2L2,ADAM15
PACSIN3,ADAM9
PACSIN3,ADAM15
ADAM15,SRC
ADAM15,SORBS2
ADAM15,SORBS1
ADAM15,SH3RF1
ADAM15,SH3PXD2A
ADAM15,SH3PX3
ADAM15,SH3MD4
ADAM15,SH3GLB1
ADAM15,NPHP1
ADAM15,NCK1
ADAM15,LYN
ADAM15,LCK
ADAM15,HCK
ADAM15,GRB2
ADAM15,FYN
ADAM15,ARHGEF7
ADAM15,ARHGEF6
ADAM15,YES1
ADAM15,TRIP13
ADAM15,SNX9
ADAM15,PACSIN3
TGFB3,TGFBR2
ERBB3,PIK3R2
ERBB3,GRB2
ERBB3,CSK
ERBB3,SHC1
ERBB3,PIK3R1
ERBB3,PA2G4
ERBB3,ERBB4
ERBB3,EGFR
ERBB3,NRG1
ERBB3,ERBB2
SH3BP2,ERBB2
SH3BP2,VAV1
CDC42,WAS
CDC42,TP53
CDC42,LCK
CDC42,DNAJA3
CDC42,VAV1
RHOA,VAV1
RAC1,VAV1
ZNF655,VAV1
PTPN22,CD3E
PTPN22,VCP
PTPN22,NTRK1
PTPN22,PDGFRB
PTPN22,LCK
PTPN22,ERBB2
PTPN22,GHR
PTPN22,VAV1
STAT2,STAT1
IRF9,IFNAR2
EP300,STRAP
EP300,ING2
EP300,HIPK2
EP300,GTF2B
EP300,CDK2
EP300,CCNT1
EP300,TP73
EP300,ZBTB17
EP300,TFAP2A
EP300,POU3F2
EP300,nt_022184_14_human
EP300,NAP1L1
EP300,KAT2B
EP300,EPAS1
EP300,COPS6
EP300,CITED2
EP300,MDM2
EP300,HIF1A
EP300,ESR1
EP300,YY1
EP300,MYC
EP300,TP53
EP300,RELA
IFNAR1,IFNA2
IFNAR1,IFNA8
IFNAR1,EP300
IFNAR1,TYK2
IFNB1,IFNAR1
IFNAR2,JAK1
IFNAR2,USP18
IFNAR2,STAT2
IFNAR2,IRF9
IFNAR2,GNB2L1
IFNAR2,EP300
IFNAR2,CREBBP
IFNAR2,IFNAR1
IFNAR2,IFNA5
IFNAR2,IFNA2
IFNAR2,IFNA1
IFNAR2,IFNB1
IFNA8,IFNAR2
APCS,GRB2
CD74,CXCR4
CCR5,ARL6IP5
CCR5,PRAF2
CCR5,MYH9
CCR5,CREB3
CCR5,CD4
CCR5,CCL13
CCR5,CCL7
CCR5,CXCR4
CXCR4,CD74
CXCR4,MYH9
TENC1,ERBB3
TENC1,ERBB2
ITGA4,ITGA4
ITGA4,ITGB7
IL13RA1,IL4R
ARIH2,TP53
ARIH2,IL4R
USP13,CYLD
USP13,DIABLO
HLA-B,TKT
HLA-B,VCP
HLA-B,DIABLO
XIAP,CASP9
XIAP,NOTCH1
XIAP,CASP7
XIAP,CASP3
XIAP,DIABLO
BIRC7,HTRA2
BIRC7,CASP9
BIRC7,DIABLO
BIRC4,DYNLL2
BIRC4,BIRC4
BIRC4,WDYHV1
BIRC4,CASP9
BIRC4,DIABLO
ZBP1,RIPK3
YWHAE,IGF1R
TPM3,IKBKE
SPTBN1,MAP3K8
DAPK1,BECN1
DAPK1,DAPK1
DAPK1,PDCD6
DAPK1,MAPK3
CCT5,TP53
GNG12,RIPK3
EEF1D,RIPK3
RASSF1,MDM2
RASSF1,STK3
RASSF1,RASSF1
RASSF1,NUDT10
RASSF1,HRAS
RASSF1,EWSR1
RASSF1,E4F1
RASSF1,DAXX
PARK7,DAXX
USP7,TP53
USP7,DNAJA3
USP7,DAXX
TSG101,DAXX
TP53,WWOX
TP53,UBC
TP53,TOE1
TP53,SYVN1
TP53,SP1
TP53,SCAMP1
TP53,SAE1
TP53,S100A4
TP53,RYBP
TP53,RFWD2
TP53,PSME3
TP53,PPP2R5C
TP53,PPP2R2A
TP53,PPP2R1A
TP53,PLK1
TP53,NR4A1
TP53,NAP1L1
TP53,MYST1
TP53,MT1A
TP53,MED1
TP53,MAP1B
TP53,ING2
TP53,HSPB1
TP53,HSPA9
TP53,HSPA5
TP53,HSPA1L
TP53,HIPK2
TP53,HDAC8
TP53,GTF2H1
TP53,GSK3B
TP53,EGR1
TP53,DVL2
TP53,CHEK2
TP53,BHLHE40
TP53,AR
TP53,XPO1
TP53,ZNF385A
TP53,Z85996
TP53,XRCC6
TP53,WRN
TP53,VRK1
TP53,UBE2I
TP53,TP63
TP53,TP53BP1
TP53,TBP
TP53,SMARCC1
TP53,SMARCA4
TP53,SMAD2
TP53,SIN3A
TP53,SETD7
TP53,RNF40
TP53,RNF20
TP53,rchy1_human_gene
TP53,RAD51
TP53,PTK2
TP53,PML
TP53,PIAS4
TP53,PIAS1
TP53,PHB
TP53,PCDHA4
TP53,PBK
TP53,NPM1
TP53,NFYB
TP53,NFYA
TP53,MDM4
TP53,MAPK11
TP53,MAGEB18
TP53,KIAA0087
TP53,KAT5
TP53,KAT2B
TP53,JMY
TP53,HUWE1
TP53,HTT
TP53,HNRNPUL1
TP53,HIPK1
TP53,HDAC1
TP53,GUSBP1
TP53,GNL3
TP53,FBXO11
TP53,CUL9
TP53,CUL7
TP53,CSE1L
TP53,CEBPB
TP53,CDKN1A
TP53,cd44_human_dna
TP53,CABLES1
TP53,BTBD2
TP53,BMX
TP53,BMP1
TP53,BCL2L1
TP53,AP002907
TP53,AC008532
TP53,AC008073
TP53,UBE2A
TP53,TP53BP2
TP53,TP53
TP53,THRB
TP53,TAF9
TP53,RRM2B
TP53,RCHY1
TP53,NQO1
TP53,MDM2
TP53,EP300
TP53,CDKN2A
TP53,USP7
TP53,IKBKB
TP53,CREBBP
TP53,DAXX
TCF7L2,DAXX
STAT3,MAP3K7
STAT3,ERBB2
STAT3,DAXX
SLC2A4,DAXX
PML,TP53
MDM2,RASSF1
MDM2,TP73
MDM2,TP53
MDM2,ADRBK1
MDM2,DAXX
MCRS1,DAXX
HSPB1,TP53
HSPB1,DAXX
HDAC2,DAXX
ETS1,MEIS1
ETS1,DAXX
DEK,DAXX
DAPK3,DAXX
CENPC1,DAXX
CDKN2A,EPHA3
CDKN2A,TP53
CDKN2A,DAXX
ATRX,DAXX
EFNA1,EPHA2
EPHA2,EPHA2
EPHA2,EFNA1
TTN,FLNA
SMAD3,ANK3
SMAD3,FLNA
PSEN2,FLNA
PRKACB,FLNA
ITGB7,RGS12
ITGB7,RABGAP1
ITGB7,MAPK8IP1
ITGB7,GULP1
ITGB7,EPS8
ITGB7,ANKS1B
ITGB7,TENC1
ITGB7,ITGB7
ITGB7,ITGA4
ITGB7,FLNA
ITGB4,PLEC1
ITGB4,ITGA6
ITGB4,ALOX12
ITGB1,RGS12
ITGB1,RABGAP1
ITGB1,GULP1
ITGB1,EPS8
ITGB1,ANKS1B
ITGB1,TENC1
ITGB1,MMP9
ITGB1,ITGB1BP1
ITGB1,ITGB1
ITGB1,ITGA6
ITGB1,ITGA5
ITGB1,ITGA4
ITGB1,ITGA1
ITGB1,ITGA2
ITGB1,FLNA
CCNB2,FLNA
USP45,MYH10
USP45,MYH9
USP45,FLNA
TJP1,FLNA
RPS9,FLNA
PROTOR1,FLNA
OTUD5,TP53
OTUD5,FLNA
OTUD1,FLNA
O43318-2,MAP3K7IP1
O43318-2,MAP3K7IP2
O43318-2,FLNA
MTNR1B,FLNA
MTNR1A,FLNA
MAP3K7IP2,UBC
MAP3K7IP2,TUBA3C
MAP3K7IP2,MALT1
MAP3K7IP2,CALM3
MAP3K7IP2,YWHAE
MAP3K7IP2,TUBB4
MAP3K7IP2,TUBB
MAP3K7IP2,Q13748
MAP3K7IP2,TRAF3IP1
MAP3K7IP2,TIMM50
MAP3K7IP2,SPTAN1
MAP3K7IP2,SEC13
MAP3K7IP2,RUVBL2
MAP3K7IP2,RUVBL1
MAP3K7IP2,P62988
MAP3K7IP2,RPS27
MAP3K7IP2,RPL23
MAP3K7IP2,PFKL
MAP3K7IP2,MAP3K7IP2
MAP3K7IP2,MAP3K7IP1
MAP3K7IP2,LGALS3BP
MAP3K7IP2,KIAA1967
MAP3K7IP2,HSPA9
MAP3K7IP2,HSPA8
MAP3K7IP2,HSPA5
MAP3K7IP2,HSPA2
MAP3K7IP2,HSP90AA1
MAP3K7IP2,HSP70-1
MAP3K7IP2,HNRNPH1
MAP3K7IP2,EEF1A2
MAP3K7IP2,DNAJA1
MAP3K7IP2,CS
MAP3K7IP2,CLTC
MAP3K7IP2,P62158
MAP3K7IP2,CAD
MAP3K7IP2,C1QBP
MAP3K7IP2,BAG2
MAP3K7IP2,ACTG1
MAP3K7IP2,MAP3K7
MAP3K7IP2,FLNA
KCNJ2,FLNA
G3BP1,FAF1
G3BP1,LCK
G3BP1,FLNA
FLNB,FLNA
EIF2C3,MYH9
EIF2C3,MAP3K7IP1
EIF2C3,FLNA
DMWD,FLNA
BTBD12,FLNA
ARRB2,MYH10
ARRB2,MYH9
ARRB2,VCP
ARRB2,MAP3K14
ARRB2,MAP3K1
ARRB2,STAT1
ARRB2,MAP3K7
ARRB2,MAP3K7IP1
ARRB2,MAP3K5
ARRB2,FLNA
ARRB1,JAK1
ARRB1,MYH9
ARRB1,MAP3K1
ARRB1,MAP3K5
ARRB1,TRAF6
ARRB1,FLNA
ARHGAP24,FLNA
DRD2,FLNA
PSEN1,FLNA
DRD3,FLNA
CASR,FLNA
CRADD,C1orf103
CRADD,RIF1
CRADD,LRDD
CRADD,KIAA1128
CRADD,EEF1A1
CRADD,CASP2
CRADD,C14orf1
CASP2,PRKDC
CASP2,LRDD
CASP2,CRADD
NLRC4,CASP1
IL1A,CASP1
FGF2,FGFR1
FGF2,FGFR3
NLRP1,NOD2
NLRP1,CASP1
IL1B,IL1R1
IL1B,CASP1
FCGR2A,CRP
FCGR2C,CRP
CRP,FCN2
CRP,MAPK3
CRP,FCGR2C
NOTCH1,G22P1
NOTCH1,XIAP
NOTCH1,XRCC6
NOTCH1,SNW1
NOTCH1,HIF1A
NOTCH1,REL
NOTCH1,NFKB1
ALB,CFH
ALB,APOA1
ALB,ITGB5
ALB,NCOA3
ALB,FN1
PDCD11,NFKB1
HDAC1,CHD4
HDAC1,RELA
HDAC1,DAXX
HDAC1,NFKB1
COMMD9,NFKB1
COMMD8,RELA
COMMD8,NFKB1
COMMD7,RELA
COMMD7,NFKB1
COMMD6,RELA
COMMD6,NFKB1
COMMD5,RELA
COMMD5,NFKB1
COMMD4,RELA
COMMD4,NFKB1
COMMD3,NFKB1
KPNA3,NFKB1
TNFAIP3,TNIP2
TNFAIP3,TNIP1
TNFAIP3,TNFAIP3
TNFAIP3,TAX1BP1
TNFAIP3,UBC
TNFAIP3,IKBKG
MALT1,SQSTM1
MALT1,COPS5
MALT1,CARD11
MALT1,UBC
MALT1,TRAF6
CARD11,COPS5
ATR,TP53
ATM,TP53
CARD8,FHL2
CARD8,CASP9
CARD8,CARD8
CARD8,IKBKG
MAP3K3,WDR92
MAP3K3,UBC
MAP3K3,TUBA3C
MAP3K3,CHUK
MAP3K3,CCT1
MAP3K3,CALM3
MAP3K3,ZBTB16
MAP3K3,YWHAZ
MAP3K3,YWHAQ
MAP3K3,YWHAH
MAP3K3,YWHAG
MAP3K3,YWHAB
MAP3K3,XPOT
MAP3K3,VIM
MAP3K3,VCP
MAP3K3,VBP1
MAP3K3,UXT
MAP3K3,UBL4A
MAP3K3,UBA52
MAP3K3,UACA
MAP3K3,TUBB6
MAP3K3,TUBB4
MAP3K3,TUBB3
MAP3K3,TUBB2B
MAP3K3,TUBB
MAP3K3,Q13748
MAP3K3,TUBA1C
MAP3K3,TUBA1A
MAP3K3,TRAF7
MAP3K3,TMOD3
MAP3K3,TIMM50
MAP3K3,TFG
MAP3K3,TCP1
MAP3K3,SUGT1
MAP3K3,STUB1
MAP3K3,ST13
MAP3K3,SPTBN1
MAP3K3,SPTAN1
MAP3K3,SMARCC2
MAP3K3,SLC25A6
MAP3K3,SLC25A5
MAP3K3,SEC16A
MAP3K3,SCRIB
MAP3K3,SCO2
MAP3K3,SCIN
MAP3K3,S100A8
MAP3K3,S100A7
MAP3K3,RUVBL2
MAP3K3,RUVBL1
MAP3K3,RQCD1
MAP3K3,RPS27L
MAP3K3,P62988
MAP3K3,RPS27A
MAP3K3,RPS27
MAP3K3,RPS16
MAP3K3,RPL23
MAP3K3,RPAP3
MAP3K3,RNF126
MAP3K3,RMP
MAP3K3,RAI14
MAP3K3,PYGM
MAP3K3,PRKDC
MAP3K3,PPP2R1B
MAP3K3,PPP2R1A
MAP3K3,PPP1R12A
MAP3K3,PPP1CC
MAP3K3,PPP1CA
MAP3K3,PLOD1
MAP3K3,PIH1D1
MAP3K3,PHGDH
MAP3K3,PFKL
MAP3K3,PFDN6
MAP3K3,PFDN4
MAP3K3,PFDN2
MAP3K3,PFDN1
MAP3K3,PDRG1
MAP3K3,NUDC
MAP3K3,MYO6
MAP3K3,MYO1D
MAP3K3,MYO1C
MAP3K3,MYO1B
MAP3K3,MYO1A
MAP3K3,MYLK2
MAP3K3,MYL6
MAP3K3,MYL12A
MAP3K3,MYH9
MAP3K3,MYH10
MAP3K3,MPRIP
MAP3K3,mm-1
MAP3K3,MCC
MAP3K3,MATR3
MAP3K3,MARS
MAP3K3,MARK2
MAP3K3,MAP3K3
MAP3K3,MAP3K2
MAP3K3,LYN
MAP3K3,LONP1
MAP3K3,LIMA1
MAP3K3,LGALS7
MAP3K3,KIAA1967
MAP3K3,IQGAP2
MAP3K3,IQGAP1
MAP3K3,IKBKB
MAP3K3,IARS
MAP3K3,HSPA9
MAP3K3,HSPA8
MAP3K3,HSPA6
MAP3K3,HSPA5
MAP3K3,HSPA4
MAP3K3,HSPA2
MAP3K3,HSPA1L
MAP3K3,HSP90AB1
MAP3K3,HSP90AA1
MAP3K3,HSP70-1
MAP3K3,HNRNPH1
MAP3K3,P62805
MAP3K3,HAX1
MAP3K3,GNB2
MAP3K3,GNB1
MAP3K3,GNAI3
MAP3K3,GNAI2
MAP3K3,GAPDH
MAP3K3,FASN
MAP3K3,FAM10A4
MAP3K3,EPPK1
MAP3K3,EEF1A2
MAP3K3,DNAJC7
MAP3K3,DNAJB4
MAP3K3,DNAJB1
MAP3K3,DNAJA3
MAP3K3,DNAJA1
MAP3K3,DLG1
MAP3K3,DKFZp434K0435
MAP3K3,DDB1
MAP3K3,DBN1
MAP3K3,CPVL
MAP3K3,CORO1C
MAP3K3,CLTC
MAP3K3,CFL2
MAP3K3,CCT8
MAP3K3,CCT7
MAP3K3,CCT6A
MAP3K3,CCT5
MAP3K3,CCT4
MAP3K3,CCT3
MAP3K3,CCT2
MAP3K3,CAPZB
MAP3K3,CAPZA1
MAP3K3,P62158
MAP3K3,CAD
MAP3K3,C1QBP
MAP3K3,BAG5
MAP3K3,BAG2
MAP3K3,ATP5A1
MAP3K3,ALK
MAP3K3,AKAP8L
MAP3K3,AIFM1
MAP3K3,ACTN4
MAP3K3,ACTG1
MAP3K3,MAP2K5
MAP3K3,CDC37
MAP3K3,YWHAE
MAP3K3,FLNA
MAP3K3,IKBKG
YWHAZ,HDAC7A
YWHAZ,AKAP13
YWHAZ,TKT
YWHAZ,VCP
YWHAZ,PRKDC
YWHAZ,NFATC1
YWHAZ,MET
YWHAZ,TP53
YWHAZ,EGFR
YWHAZ,MAP3K5
YWHAZ,FLNA
USP18,IFNAR2
PPP1CC,BIRC5
PPP1CC,TP53
NCOA3,PSMB9
NCOA3,PSME3
NCOA3,IKBKB
NCOA3,EP300
MCM7,MYC
GNB2L1,IFNAR2
CREBBP,Q6ZTM8
CREBBP,PCAF
CREBBP,LDLR
CREBBP,IRF3
CREBBP,HIF1A
CREBBP,GTF2B
CREBBP,TRIM21
CREBBP,TP53
CREBBP,STAT5B
CREBBP,STAT5A
CREBBP,NMI
CREBBP,NCOA6
CREBBP,NCOA2
CREBBP,NCOA1
CREBBP,NAP1L1
CREBBP,MTDH
CREBBP,KAT2B
CREBBP,IL8
CREBBP,IKBKB
CREBBP,CHUK
CREBBP,MYBL1
CREBBP,GATA2
CREBBP,CREB1
CREBBP,RUVBL1
CREBBP,NCOA3
CREBBP,IFNAR2
CREBBP,IKBKG
AURKA,IKBKB
TXLNA,IKBKG
BCL10,COPS5
BCL10,CARD11
BCL10,C9orf89
BCL10,MALT1
BCL10,KRT33B
BCL10,P62807
BCL10,BCL3
BCL10,AKT1
BCL10,IKBKG
ATG16L1,IKBKG
IL4R,IL4
IL4R,IL13
IL4R,IL2RG
IL4,IL4R
IL7,IL7R
IL15,IL2RB
IL2RB,IL2RA
IL2RB,JAK1
IL2RB,IL2RG
JAK3,ERBB3
IL2RG,IL4R
IL2RG,IL4
IL2RG,GRB2
IL2RG,IL7
IL2RG,IL15
IL2RG,JAK3
IL2,RELA
IL2,IL2RB
IL2,IL2RG
JAK2,PTPRJ
JAK2,EGFR
JAK2,ERBB3
JAK2,CSF2RB
CSF2,CSF2RA
CSF2,CSF3R
CSF2,CSF2RB
IL5,CSF2RB
CSF2RB,JAK2
CSF2RB,IL5RA
CSF2RB,IL5
CSF2RB,CSF2
CSF2RB,IL3
TGFBR2,TGFBR2
TGFBR2,TGFBR1
TGFBR2,TGFBR3
TGFBR2,DAXX
TGFBR2,TGFB1
ACVRL1,TGFBR2
ACVRL1,TGFB1
TGFBR1,TGFB1
TGFB1,APP
TGFB1,TGFBR3
PPP1CA,BAD
PPP1CA,TP53
PPP1CA,APAF1
APAF1,AVEN
APAF1,HSPA1B
APAF1,CYCS
APAF1,CASP9
RNF11,TNFAIP3
RNF11,IKBKG
RNF11,PTPRC
WAS,SH3PX3
WAS,PTPN12
WAS,NCK1
WAS,FYN
WAS,FGR
WAS,ARPC1B
WAS,SNX9
WAS,WIPF1
WAS,WAS
WAS,PTPRZ1
WAS,PTPRB
WAS,PTPN22
WAS,HCK
WAS,CDC42
WAS,ARPC4
WAS,ARPC3
WAS,ACTR3
WAS,ACTR2
WAS,PTPRC
TNK2,PTPRJ
TNK2,PTPRC
TIE1,MDFI
TIE1,PTPRC
TEK,PTPRO
TEK,PTPRK
TEK,PTPRJ
TEK,PTPRG
TEK,PTPRB
TEK,ANGPT1
TEK,ANGPT2
TEK,PTPRC
PXN,CSK
PXN,PTPRJ
PDGFRB,ATP6V0C
PDGFRB,PTPRO
PDGFRB,PTPRK
PDGFRB,PTPN12
PDGFRB,PTPN1
PDGFRB,KRTAP4-12
PDGFRB,RASA1
PDGFRB,PLCG1
PDGFRB,PDGFRB
PDGFRB,STAT5A
INSR,SORBS1
INSR,PTPRK
INSR,PTPRG
INSR,PTPN1
INSR,IRS1
INSR,CRKL
INSR,CRK
INSR,INSR
INSR,INS
INSR,SHC1
GHR,PSAP
GHR,PLCG1
GHR,PIK3R1
GHR,DUSP7
GHR,CRK
GHR,PTPRJ
GHR,PTPRB
GHR,PTPN9
GHR,PTPN3
GHR,PTPN2
GHR,PTPN1
GHR,NCOA6
GHR,NCK1
GHR,GH1
GAB1,MET
CDH2,PTPRJ
CBL,FLT1
CBL,SYK
CBL,MET
CBL,MST1R
CBL,LCK
CBL,EGFR
CBL,LYN
PKP4,PTPRJ
PKP4,PTPRC
PDPK1,PTPRC
NSF,PTPRJ
NSF,PTPRC
MET,PTPN1
MET,PLXNB1
MET,CBL
MET,PTPN11
MET,HGF
MET,PTPRC
LEPR,PTPRJ
LEPR,PTPRC
LCK,WAS
LCK,SYK
LCK,PIK3R1
LCK,NR3C1
LCK,MED25
LCK,MAPK1
LCK,LCP2
LCK,G3BP1
LCK,CBL
LCK,BCL3
LCK,ZAP70
LCK,PTPRO
LCK,PTPRM
LCK,PTPRK
LCK,PTPRJ
LCK,PTPRB
LCK,PTPN6
LCK,MED28
LCK,LAT
LCK,KHDRBS1
LCK,CD247
LCK,CD5
LCK,HSP90AA1
LCK,ADAM15
LCK,PTPRC
ERBB2,SH3BGRL3
ERBB2,PIK3R2
ERBB2,GRB2
ERBB2,SHC1
ERBB2,PTPRZ1
ERBB2,PTPRO
ERBB2,PTPRK
ERBB2,PTPRJ
ERBB2,PTPRB
ERBB2,PTPN12
ERBB2,PIK3R1
ERBB2,PIK3C2B
ERBB2,PIK3C2A
ERBB2,NRG1
ERBB2,ERBB4
ERBB2,ERBB3
ERBB2,ERBB2
ERBB2,EGFR
ERBB2,PTK6
ERBB2,PTPRC
EPOR,PTPRJ
EPOR,PTPRC
EGFR,STAT5B
EGFR,SH3KBP1
EGFR,SH3GL2
EGFR,SH3BGRL
EGFR,PTPN11
EGFR,PTPN1
EGFR,PDCD6IP
EGFR,NCK1
EGFR,ESR1
EGFR,CSK
EGFR,CRKL
EGFR,CMTM8
EGFR,ANXA1
EGFR,YWHAZ
EGFR,YWHAQ
EGFR,YWHAE
EGFR,YES1
EGFR,XPOT
EGFR,TXN
EGFR,TUBB
EGFR,TUBA4A
EGFR,TUBA1A
EGFR,TRIM29
EGFR,TNK2
EGFR,TBRG4
EGFR,STAT3
EGFR,STAM2
EGFR,SLC3A2
EGFR,SLC25A5
EGFR,SLC25A3
EGFR,SHC1
EGFR,SGSM2
EGFR,SFN
EGFR,SEC13
EGFR,S100A9
EGFR,S100A11
EGFR,P62988
EGFR,RIN1
EGFR,RABGEF1
EGFR,PXN
EGFR,PTK2B
EGFR,PTK2
EGFR,PKP2
EGFR,PIK3C2B
EGFR,PIK3C2A
EGFR,PEX19
EGFR,LRRC59
EGFR,KRT6A
EGFR,KRT5
EGFR,KRT17
EGFR,KRT14
EGFR,KRT1
EGFR,KPNB1
EGFR,HSPD1
EGFR,HSPB1
EGFR,HSPA9
EGFR,HSPA8
EGFR,HSPA5
EGFR,P08107
EGFR,HSP90AB1
EGFR,HOXC10
EGFR,HNRNPK
EGFR,HNRNPH1
EGFR,HNRNPF
EGFR,P62807
EGFR,HIST1H1E
EGFR,GAPDH
EGFR,FHL2
EGFR,ERBB4
EGFR,EPS15
EGFR,EPHB4
EGFR,EIF2B3
EGFR,EFNB1
EGFR,EEF1A1
EGFR,DNAJA2
EGFR,DNAJA1
EGFR,CTNND1
EGFR,CTNNA1
EGFR,CSE1L
EGFR,CLTCL1
EGFR,CLTA
EGFR,CKAP4
EGFR,CDCP1
EGFR,CDC2
EGFR,CBLB
EGFR,CBL
EGFR,CAV2
EGFR,CAV1
EGFR,P62158
EGFR,BCAR3
EGFR,BCAR1
EGFR,ATXN10
EGFR,ATP5B
EGFR,ATP2A2
EGFR,ATP1B1
EGFR,ATP1A1
EGFR,ALCAM
EGFR,SNX1
EGFR,GRB2
EGFR,EGFR
EGFR,BTC
EGFR,TGFA
EGFR,ERBB3
EGFR,DNAJA3
EGFR,LYN
EGFR,ERBB2
EGFR,ICAM1
EGFR,ADRBK1
EGFR,EGF
EGFR,EPHA2
EGFR,PTPRC
CTNNB1,NFKB1
CTNNB1,PTPRC
CSK,G3BP1
CSK,PTPRG
CSK,PTPRC
DPP4,CXCL12
PTPRC,PTPRC
PTPRC,TEK
PTPRC,PXN
PTPRC,PDGFRB
PTPRC,NTRK1
PTPRC,INSR
PTPRC,GRIN2B
PTPRC,GHR
PTPRC,GAB1
PTPRC,CDH2
PTPRC,CBL
PTPRC,DPP4
CAV1,SRC
CAV1,PTPN6
CAV1,PTPN11
CAV1,PTEN
CAV1,PRKCDBP
CAV1,ABCB1
CAV1,UBE2M
CAV1,SCP2
CAV1,RADIL
CAV1,POU3F3
CAV1,NEDD8
CAV1,IGKC
CAV1,IGHA1
CAV1,ID1
CAV1,FLOT2
CAV1,FAM113A
CAV1,DMBT1
CAV1,CAV2
CAV1,PTGS2
CAV1,PTPRF
CAV1,TRAF2
UBQLN4,MOAP1
UBQLN4,SERPINE1
UBQLN4,TRAF2
USP53,PPP2R1B
TIFA,TRAF2
SPATA2,CYLD
NUDT18,APIP
NRIP1,NR3C1
NIF3L1,APIP
MAP3K7,TUBB2B
MAP3K7,TUBB
MAP3K7,TUBA3C
MAP3K7,RUVBL2
MAP3K7,RUVBL1
MAP3K7,RPS3
MAP3K7,P62805
MAP3K7,NUDT21
MAP3K7,MAP3K7IP3
MAP3K7,IKBKB
MAP3K7,IARS
MAP3K7,HSPA9
MAP3K7,HSPA8
MAP3K7,HSPA5
MAP3K7,HSPA1L
MAP3K7,HSP90AB1
MAP3K7,HSP90AA1
MAP3K7,HSP70-1
MAP3K7,hCG_1988342
MAP3K7,FKBP5
MAP3K7,EPRS
MAP3K7,ENO1
MAP3K7,DNAJA1
MAP3K7,DDX5
MAP3K7,DARS
MAP3K7,CNTN2
MAP3K7,CLTC
MAP3K7,CDC37
MAP3K7,CALM3
MAP3K7,CAD
MAP3K7,ACTG1
MAP3K7,TUBB4
MAP3K7,VRK2
MAP3K7,STAT3
MAP3K7,NLK
MAP3K7,MAPK8IP1
MAP3K7,MAPK8
MAP3K7,MAP3K7
MAP3K7,MAP2K7
MAP3K7,MAP3K7IP1
MAP3K7,MALT1
MAP3K7,MAP3K7IP2
MAP3K7,FLNA
LNX1,APIP
FRAP1,TP53
APPL1,EGFR
TCEA2,TRAF2
STUB1,AKT1
STUB1,TRAF2
RHEB,TRAF2
RFX3,TRAF2
RAD23A,TRAF2
QARS,TRAF2
PIN1,TP53
PIN1,TRAF2
MAP3K1,UBC
MAP3K1,TUBA3C
MAP3K1,SLC1A5
MAP3K1,MAP2K7
MAP3K1,MAP2K1
MAP3K1,HNRPM
MAP3K1,hCG_1988342
MAP3K1,FLNB
MAP3K1,ESR1
MAP3K1,CCT1
MAP3K1,CALM3
MAP3K1,BRAF
MAP3K1,YWHAE
MAP3K1,WDR68
MAP3K1,VIM
MAP3K1,USP9X
MAP3K1,UBE2W
MAP3K1,UBE2E1
MAP3K1,UBE2D4
MAP3K1,UBE2D3
MAP3K1,UBE2D2
MAP3K1,UBE2D1
MAP3K1,TUBB8
MAP3K1,TUBB6
MAP3K1,TUBB4
MAP3K1,TUBB2B
MAP3K1,TUBB
MAP3K1,Q13748
MAP3K1,TUBA1A
MAP3K1,TIMM50
MAP3K1,TCP1
MAP3K1,SSR4
MAP3K1,SNRPF
MAP3K1,SLC25A6
MAP3K1,SLC25A5
MAP3K1,RUVBL2
MAP3K1,RPS9
MAP3K1,RPS8
MAP3K1,RPS6
MAP3K1,RPS4X
MAP3K1,RPS27L
MAP3K1,P62988
MAP3K1,RPS27
MAP3K1,RPS23
MAP3K1,RPS16
MAP3K1,RPS14
MAP3K1,RPS11
MAP3K1,RPLP2
MAP3K1,RPLP0
MAP3K1,RPL7
MAP3K1,RPL37A
MAP3K1,RPL35A
MAP3K1,RPL35
MAP3K1,RPL3
MAP3K1,RPL24
MAP3K1,RPL18
MAP3K1,RPL14
MAP3K1,RPL13
MAP3K1,RPL10A
MAP3K1,RPL10
MAP3K1,RCN2
MAP3K1,NOP2
MAP3K1,NCL
MAP3K1,MYO1D
MAP3K1,MYLK2
MAP3K1,MYH10
MAP3K1,MARS
MAP3K1,MAP4K2
MAP3K1,MAP3K1
MAP3K1,MAP2K4
MAP3K1,LGALS3BP
MAP3K1,IRS4
MAP3K1,HSPH1
MAP3K1,HSPBP1
MAP3K1,HSPA9
MAP3K1,HSPA8
MAP3K1,HSPA6
MAP3K1,HSPA5
MAP3K1,HSPA1L
MAP3K1,HSP90AB1
MAP3K1,HSP90AA1
MAP3K1,HSP70-1
MAP3K1,HNRNPM
MAP3K1,P62805
MAP3K1,HADHB
MAP3K1,HADHA
MAP3K1,GLUD1
MAP3K1,GEMIN4
MAP3K1,FASN
MAP3K1,EPPK1
MAP3K1,EEF1A2
MAP3K1,EBI-1108795
MAP3K1,DNAJA1
MAP3K1,DHX9
MAP3K1,DDB1
MAP3K1,CDC37
MAP3K1,CCT8
MAP3K1,CCT6A
MAP3K1,CCT5
MAP3K1,CCT4
MAP3K1,CCT3
MAP3K1,P62158
MAP3K1,CAD
MAP3K1,BAG5
MAP3K1,BAG2
MAP3K1,AIFM1
MAP3K1,ACTG1
MAP3K1,RPL4
MAP3K1,RPL30
MAP3K1,FKBP5
MAP3K1,RPS13
MAP3K1,IKBKB
MAP3K1,DNAJA3
MAP3K1,FLNA
MAP3K1,TRAF2
ITPK1,TRAF2
IRF4,TRAF2
IKBKE,TUBA3C
IKBKE,TBKBP1
IKBKE,PFKL
IKBKE,CYLD
IKBKE,CALM3
IKBKE,UBC
IKBKE,ZC3H15
IKBKE,YARS
IKBKE,YA61
IKBKE,XPO5
IKBKE,VMA21
IKBKE,VDAC3
IKBKE,VDAC1
IKBKE,VCP
IKBKE,UGGT1
IKBKE,UCHL1
IKBKE,UBE2V1
IKBKE,UBE2N
IKBKE,UBE2M
IKBKE,UBE2K
IKBKE,UBE2I
IKBKE,UBA2
IKBKE,TWF1
IKBKE,TUBB4
IKBKE,TUBB
IKBKE,Q13748
IKBKE,TTLL12
IKBKE,TSNAX
IKBKE,TSN
IKBKE,TRMT112
IKBKE,TRIM28
IKBKE,TPT1
IKBKE,TPM3
IKBKE,TPD52L2
IKBKE,TPD52
IKBKE,TOMM34
IKBKE,TMEM33
IKBKE,TMEM111
IKBKE,TMED9
IKBKE,TKT
IKBKE,THOP1
IKBKE,TFRC
IKBKE,TFAM
IKBKE,TBR1
IKBKE,TBCA
IKBKE,TARS
IKBKE,TALDO1
IKBKE,TAGLN2
IKBKE,SYNCRIP
IKBKE,STRAP
IKBKE,STK16
IKBKE,STIP1
IKBKE,ST13
IKBKE,SSR1
IKBKE,SSB
IKBKE,SRP14
IKBKE,SRM
IKBKE,SPTBN1
IKBKE,SPTAN1
IKBKE,SOD2
IKBKE,SNX3
IKBKE,SNRPB2
IKBKE,SNRPA1
IKBKE,SNRNP200
IKBKE,SND1
IKBKE,SMC4
IKBKE,SMARCC1
IKBKE,SMARCA4
IKBKE,SMAP
IKBKE,SLK
IKBKE,SHMT2
IKBKE,SGTA
IKBKE,SFXN1
IKBKE,SF3B14
IKBKE,SF3B1
IKBKE,SF3A1
IKBKE,SET
IKBKE,SERBP1
IKBKE,set./02
IKBKE,SEC23B
IKBKE,SEC22B
IKBKE,SDHB
IKBKE,SDHA
IKBKE,SBDS
IKBKE,SAR1A
IKBKE,RUVBL2
IKBKE,RUVBL1
IKBKE,RRM1
IKBKE,RPS9
IKBKE,RPS3A
IKBKE,RPS19
IKBKE,RPS16
IKBKE,RPS14
IKBKE,RPS11
IKBKE,RPN1
IKBKE,RPL36
IKBKE,RPL32
IKBKE,RPL31
IKBKE,RPL3
IKBKE,RPL23A
IKBKE,RPL22
IKBKE,RPL18A
IKBKE,ROCK2
IKBKE,RHOC
IKBKE,RDX
IKBKE,RBM8A
IKBKE,RBBP7
IKBKE,RARS
IKBKE,RANBP1
IKBKE,RAB7A
IKBKE,RAB5C
IKBKE,RAB5A
IKBKE,RAB21
IKBKE,RAB14
IKBKE,RAB11A
IKBKE,QARS
IKBKE,PYGL
IKBKE,PTRH2
IKBKE,PTPRF
IKBKE,PTGES3
IKBKE,PSME3
IKBKE,PSME2
IKBKE,PSMD7
IKBKE,PSMD6
IKBKE,PSMD3
IKBKE,PSMD2
IKBKE,PSMD14
IKBKE,PSMD12
IKBKE,PSMD1
IKBKE,PSMC6
IKBKE,PSMC4
IKBKE,PSMC2
IKBKE,PSMB6
IKBKE,PSMB4
IKBKE,PSMB3
IKBKE,PSMB1
IKBKE,PSMA7
IKBKE,PSMA6
IKBKE,PSMA2
IKBKE,PSMA1
IKBKE,PRPF8
IKBKE,PRPF19
IKBKE,PRKCSH
IKBKE,PRDX5
IKBKE,PPP4C
IKBKE,PPP2R1A
IKBKE,PPP2CB
IKBKE,PPIB
IKBKE,POLR2H
IKBKE,PLS3
IKBKE,PITPNB
IKBKE,PHB2
IKBKE,PGRMC2
IKBKE,PGRMC1
IKBKE,PGD
IKBKE,PFDN5
IKBKE,PFDN2
IKBKE,PFAS
IKBKE,PDXK
IKBKE,PDIA6
IKBKE,PDIA4
IKBKE,PDHB
IKBKE,PDCD6IP
IKBKE,PDCD5
IKBKE,PCNA
IKBKE,PCMT1
IKBKE,PCBP1
IKBKE,PARP1
IKBKE,PAK1
IKBKE,PABPC4
IKBKE,PABPC1
IKBKE,PA2G4
IKBKE,OTUB1
IKBKE,NUDT5
IKBKE,NUDT21
IKBKE,NPM1
IKBKE,NP
IKBKE,NCDN
IKBKE,NCBP2
IKBKE,NAT5
IKBKE,NASP
IKBKE,NARS
IKBKE,NARG1
IKBKE,NAPA
IKBKE,NAP1L1
IKBKE,MYO6
IKBKE,MYL6
IKBKE,MYL12A
IKBKE,MYH9
IKBKE,MYH10
IKBKE,MTPN
IKBKE,MSN
IKBKE,MRPS14
IKBKE,MRPL14
IKBKE,MRPL12
IKBKE,MLEC
IKBKE,MIF
IKBKE,METTL11A
IKBKE,MCM2
IKBKE,MAT2A
IKBKE,MAPRE1
IKBKE,MANF
IKBKE,MAD2L1
IKBKE,LYPLA1
IKBKE,LTA4H
IKBKE,LSM12
IKBKE,LRRC59
IKBKE,LRPPRC
IKBKE,LGALS3BP
IKBKE,LARS
IKBKE,LAGE3
IKBKE,KIF5B
IKBKE,KIF11
IKBKE,KIAA1967
IKBKE,KARS
IKBKE,ISYNA1
IKBKE,IMPDH2
IKBKE,IKBKE
IKBKE,IGF2BP1
IKBKE,IARS
IKBKE,HYOU1
IKBKE,HSPE1
IKBKE,HSPA9
IKBKE,HSPA8
IKBKE,HSP90AB1
IKBKE,HSP90AA1
IKBKE,HSP70-1
IKBKE,HSDL2
IKBKE,HNRNPM
IKBKE,HNRNPH1
IKBKE,HMGCS1
IKBKE,P62807
IKBKE,HDAC2
IKBKE,HADHA
IKBKE,GSPT1
IKBKE,GRWD1
IKBKE,GRB2
IKBKE,GNB2
IKBKE,GMPS
IKBKE,GLRX3
IKBKE,GLOD4
IKBKE,GLO1
IKBKE,GCN1L1
IKBKE,GARS
IKBKE,G3BP1
IKBKE,FHL1
IKBKE,FH
IKBKE,FANCI
IKBKE,FAM49B
IKBKE,FAM128B
IKBKE,FABP5
IKBKE,EZR
IKBKE,ETFB
IKBKE,ETFA
IKBKE,ETF1
IKBKE,ERP29
IKBKE,EIF5
IKBKE,EIF4H
IKBKE,EIF4G1
IKBKE,EIF3M
IKBKE,EIF3J
IKBKE,EIF3D
IKBKE,EIF3A
IKBKE,EIF2S3
IKBKE,EEF1D
IKBKE,EEF1B2
IKBKE,ECHS1
IKBKE,DSTYK
IKBKE,DSTN
IKBKE,DSP
IKBKE,DNAJB1
IKBKE,DLST
IKBKE,DLD
IKBKE,DDX5
IKBKE,DDX3X
IKBKE,DDX21
IKBKE,DDT
IKBKE,DCTN2
IKBKE,CYCS
IKBKE,CSTF3
IKBKE,CRYZ
IKBKE,CPSF6
IKBKE,COX4I1
IKBKE,COTL1
IKBKE,COPS2
IKBKE,CNPY2
IKBKE,CLTC
IKBKE,CLIC1
IKBKE,CKMT1ACKMT1B
IKBKE,CISD2
IKBKE,CDKN2A
IKBKE,CDC37
IKBKE,CCT5
IKBKE,CCDC58
IKBKE,CBR1
IKBKE,CAPZB
IKBKE,CAPZA1
IKBKE,P62158
IKBKE,CACYBP
IKBKE,C6orf211
IKBKE,C3ORF28
IKBKE,C14orf1
IKBKE,BPNT1
IKBKE,BCAP31
IKBKE,ATP5O
IKBKE,ATP5F1
IKBKE,ATIC
IKBKE,ASNS
IKBKE,ARD1A
IKBKE,AP1S1
IKBKE,ANXA2
IKBKE,AKR1B1
IKBKE,AK2
IKBKE,AIMP1
IKBKE,ADSS
IKBKE,ACTG1
IKBKE,ACP1
IKBKE,ACOT13
IKBKE,ACLY
IKBKE,AARS
IKBKE,1585552
IKBKE,FKBP5
IKBKE,KTN1
IKBKE,CASP7
IKBKE,TANK
IKBKE,TRAF2
DVL2,TP53
DVL2,TRAF2
DTNB,TRAF2
CRY1,TRAF2
CHMP2B,TRAF2
CDKN1B,LYN
CDKN1B,TRAF2
ATXN1,NCOR1
ATXN1,DNAJA3
ATXN1,ITGB4
ATXN1,TRAF2
ABLIM1,TRAF2
MAP3K7IP1,TUBB2B
MAP3K7IP1,TUBA3C
MAP3K7IP1,CALM3
MAP3K7IP1,TUBB4
MAP3K7IP1,TUBB
MAP3K7IP1,Q13748
MAP3K7IP1,RUVBL1
MAP3K7IP1,MAP3K7IP1
MAP3K7IP1,HSPA9
MAP3K7IP1,HSPA8
MAP3K7IP1,HSPA6
MAP3K7IP1,HSPA5
MAP3K7IP1,HSPA4L
MAP3K7IP1,HSPA4
MAP3K7IP1,HSPA1L
MAP3K7IP1,HSP90AB1
MAP3K7IP1,HSP90AA1
MAP3K7IP1,HSP70-1
MAP3K7IP1,DNAJC7
MAP3K7IP1,DNAJA1
MAP3K7IP1,P62158
MAP3K7IP1,MAP3K7
MAP3K7IP1,IRAK1
MAP3K7IP1,MAP3K7IP2
MAP3K7IP1,TRAF2
TBK1,TUBA3C
TBK1,OPTN
TBK1,LOC387907
TBK1,IRF7
TBK1,IRF3
TBK1,HNRPM
TBK1,hCG_1988342
TBK1,DDX3X
TBK1,CCT1
TBK1,CALM3
TBK1,UBC
TBK1,XIAP
TBK1,TUBB4
TBK1,TUBB
TBK1,Q13748
TBK1,TCP1
TBK1,TBK1
TBK1,SFPQ
TBK1,RUVBL2
TBK1,RUVBL1
TBK1,RPS8
TBK1,RPS5
TBK1,RPS18
TBK1,RPLP0
TBK1,RPL7
TBK1,RPL13
TBK1,RPL11
TBK1,NONO
TBK1,LGALS3BP
TBK1,LDHB
TBK1,HSPA9
TBK1,HSPA8
TBK1,HSPA5
TBK1,HSP90AB1
TBK1,HSP90AA1
TBK1,HSP70-1
TBK1,HNRNPM
TBK1,GAPDH
TBK1,CCT8
TBK1,CCT7
TBK1,CCT6A
TBK1,CCT5
TBK1,CCT4
TBK1,CCT3
TBK1,CCT2
TBK1,P62158
TBK1,AZI2
TBK1,ATP5A1
TBK1,TBKBP1
TBK1,CDC37
TBK1,CYLD
TBK1,IKBKE
TBK1,TANK
TBK1,IKBKG
TBK1,TRAF2
UBE2N,TRAF6
UBE2N,BIRC3
SIRT6,BIRC3
BIRC3,TRAF2
BIRC3,SIRT6
BIRC3,DIABLO
LIF,LIFR
OSM,LIFR
OSM,IL6ST
TYK2,IFNAR1
TYK2,IL6ST
CASP1,NLRP1
CASP1,IL1A
CASP1,FGF2
CASP1,NOD2
NOD1,HSPA1B
NOD1,HSP90AA1
NOD1,RIPK2
NOD2,RIPK2
UBE2I,TP53
UBE2I,CASP8AP2
UBE2I,DAXX
UBE2I,RIPK2
TLR4,TIRAP
TLR4,EBI-1539279
TLR4,EGFR
TLR4,MYD88
TLR5,MYD88
TLR2,CD14
TLR2,EGFR
TLR2,CXCR4
TLR2,MYD88
TIRAP,MYD88
STAP2,IKBKB
STAP2,MYD88
IRAK1,PELI2
IRAK1,PELI1
IRAK1,UBC
IRAK1,PELI3
IRAK1,IRAK3
IRAK1,IRAK2
IRAK1,IRAK1
IRAK1,TRAF6
IRAK1,MYD88
IRAK4,IRAK1
IRAK4,MYD88
IRAK3,IRAK3
IRAK3,IRAK2
IRAK3,IRAK1
IRAK3,TRAF6
IRAK3,MYD88
IRAK2,TIRAP
IRAK2,IRAK2
IRAK2,IRAK3
IRAK2,IRAK1
IRAK2,TRAF6
IRAK2,MYD88
IL1RL1,MYD88
TOPORS,TP53
MAPK3,PTPRJ
MAPK3,DAPK1
MAPK3,PTPRC
MAPK1,IER3
AR,CAV1
AR,ETS1
AR,DAXX
AR,FLNA
AR,CASP8
TFCP2,CASP8
NOL3,TP53
NOL3,CASP8
UBE2D1,TRAF6
ILK,CASP9
ILK,CASP8
BCL2,BAD
BCL2,BAX
BCL2,BID
BCL2,TP53
BCL2,SIVA1
BCAP31,CASP8
TNIP1,NFKB2
PSMC6,NFKB2
XRCC5,PRKDC
SKP1,NFKBIA
RPS11,MAP3K14
RPL11,MYC
PSMD7,TRAF6
PSMD3,TRAF6
PSMD11,TP53
PPP2R1B,STRN3
PPP2R1B,STRN
PPP2R1B,RALA
PPP2R1B,RAB7A
PPP2R1B,RAB18
PPP2R1B,RAB11A
PPP2R1B,PRDX2
PPP2R1B,PRDX1
PPP2R1B,PPP2R5E
PPP2R1B,PPP2R5D
PPP2R1B,PPP2R5C
PPP2R1B,PPP2R2A
PPP2R1B,PPP2CA
PPP2R1B,PARK7
PPP2R1B,MCM3
PPP2R1B,HSPD1
PPP2R1B,HDAC1
PPP2R1B,FGFR1OP
PPP2R1B,EEF2
PPP2R1B,CDK4
PPP2R1B,CDC2
PPP2R1B,ANXA5
PARP1,TP53
NCL,MYH9
FBXW11,NFKBIE
FASN,PRKDC
EPRS,IKBKE
EFTUD2,MYC
DSP,MYC
DAP3,IKBKG
BTRC,NFKBIA
COMMD2,RELA
COMMD2,NFKB1
COMMD2,NFKB2
COMMD10,RELA
COMMD10,NFKB1
COMMD10,NFKB2
COMMD1,REL
COMMD1,AKT1
COMMD1,RELA
COMMD1,NFKBIA
COMMD1,NFKB1
COMMD1,NFKB2
CKB,NFKB2
NFKBIE,UACA
NFKBIE,TUBB4
NFKBIE,TUBB
NFKBIE,Q13748
NFKBIE,TIMM50
NFKBIE,SFPQ
NFKBIE,SAPS3
NFKBIE,SAPS2
NFKBIE,SAPS1
NFKBIE,RUVBL2
NFKBIE,RARS
NFKBIE,PSME3
NFKBIE,PSMA5
NFKBIE,PPP6C
NFKBIE,NFKBIE
NFKBIE,IARS
NFKBIE,HSPA9
NFKBIE,HSPA8
NFKBIE,HSPA5
NFKBIE,HSPA1L
NFKBIE,HSP90AB1
NFKBIE,HSP90AA1
NFKBIE,HSP70-1
NFKBIE,hCG_2045902
NFKBIE,FBXW11
NFKBIE,EPRS
NFKBIE,CLTC
NFKBIE,CHUK
NFKBIE,P62158
NFKBIE,CAD
NFKBIE,C1QBP
NFKBIE,BAG2
NFKBIE,ARHGEF2
NFKBIE,ANKRD28
NFKBIE,ANKRD17
NFKBIE,ANKHD1
NFKBIE,CUL1
NFKBIE,SKP1
NFKBIE,VCP
NFKBIE,PRKDC
NFKBIE,REL
NFKBIE,RELA
NFKBIE,NFKB1
NFKBIE,IKBKG
NFKBIE,NFKB2
NFKBIB,VCP
NFKBIB,IKBKB
NFKBIB,REL
NFKBIB,RELA
NFKBIB,NFKBIA
NFKBIB,NFKB1
NFKBIB,IKBKG
NFKBIB,NFKB2
RPL30,MAP3K14
RELB,NFKBIE
RELB,PRKDC
RELB,RELA
RELB,NFKBIA
RELB,NFKB1
RELB,NFKB2
RELA,UBC
RELA,TUBA3C
RELA,SOCS1
RELA,SETD7
RELA,PRKACA
RELA,PCAF
RELA,OGT
RELA,NCOA3
RELA,NCF1
RELA,HSP70-1
RELA,HNRPU
RELA,HNRPM
RELA,HIST1H1C
RELA,HDAC3
RELA,hCG_1988342
RELA,CSNK2A1
RELA,CCT1
RELA,CALM3
RELA,"""WUGSC:H_RG054D04.1"""
RELA,VIM
RELA,UXT
RELA,UBR5
RELA,TUBB4
RELA,TUBB2B
RELA,TUBB
RELA,Q13748
RELA,TUBA1A
RELA,TP53BP2
RELA,TIMM50
RELA,TGM2
RELA,TCP1
RELA,SLC25A6
RELA,SLC25A5
RELA,SIRT6
RELA,SFPQ
RELA,RUVBL2
RELA,RUVBL1
RELA,RPS6KA5
RELA,RPS3
RELA,P62988
RELA,RPS16
RELA,RPS14
RELA,RPS13
RELA,RPLP0
RELA,RPL7
RELA,RPL27
RELA,RPL23
RELA,RPL18
RELA,RELA
RELA,PYCR2
RELA,PRKDC
RELA,PHB2
RELA,PHB
RELA,PDCD11
RELA,PCNA
RELA,PARP1
RELA,NPM1
RELA,NCL
RELA,MYH10
RELA,MTDH
RELA,MRPL12
RELA,MATR3
RELA,MARS
RELA,LGALS3BP
RELA,LARS
RELA,KPNA3
RELA,KIAA1967
RELA,KCTD12
RELA,IRS4
RELA,ILF2
RELA,IL2RA
RELA,IkBa
RELA,HSPH1
RELA,HSPA9
RELA,HSPA8
RELA,HSPA5
RELA,HSPA1L
RELA,HSP90AB1
RELA,HSP90AA1
RELA,HNRNPU
RELA,HNRNPM
RELA,HDAC1
RELA,HAX1
RELA,GCN1L1
RELA,FBL
RELA,EPRS
RELA,EP300
RELA,EFTUD2
RELA,EEF1A2
RELA,DNAJA3
RELA,DNAJA1
RELA,DHX9
RELA,DDX21
RELA,CREBBP
RELA,COMMD1
RELA,CLTC
RELA,CDK5RAP3
RELA,CCT8
RELA,CCT4
RELA,P62158
RELA,CAD
RELA,BAG2
RELA,ATP5A1
RELA,ATF3
RELA,AIFM1
RELA,ACTG1
RELA,AATF
RELA,RELB
RELA,REL
RELA,PLA2G4A
RELA,NFKBIE
RELA,NFKBIB
RELA,MEN1
RELA,IQGAP2
RELA,HSPA4
RELA,CHUK
RELA,AKAP8L
RELA,TNIP2
RELA,NFKBIA
RELA,BCL10
RELA,NFKB1
RELA,NFKB2
REL,WDR37
REL,UACA
REL,TUBB4
REL,TUBB
REL,Q13748
REL,REL
REL,PAPOLA
REL,NFKBIB
REL,MAP3K8
REL,HSPA9
REL,HSPA8
REL,HSPA6
REL,HSPA5
REL,HSPA1L
REL,HSP70-1
REL,HNRNPH1
REL,GAPDH
REL,FKBP5
REL,COMMD1
REL,CLTC
REL,P62158
REL,ACTG1
REL,NFKBIE
REL,HSPA4
REL,TNIP2
REL,RELA
REL,NFKBIA
REL,NFKB1
REL,NFKB2
NFKBIA,COPS2
NFKBIA,UBC
NFKBIA,ZNF212
NFKBIA,VCP
NFKBIA,TUBB
NFKBIA,Q13748
NFKBIA,TUBA1A
NFKBIA,TIMM50
NFKBIA,TGM2
NFKBIA,SPRR3
NFKBIA,SLC25A5
NFKBIA,SKP1
NFKBIA,RPS27L
NFKBIA,RPL23
NFKBIA,ROCK2
NFKBIA,RELA
NFKBIA,REL
NFKBIA,PTPN13
NFKBIA,POM121
NFKBIA,POLRMT
NFKBIA,NFKBIB
NFKBIA,NFKBIA
NFKBIA,MCM5
NFKBIA,MCM3
NFKBIA,IKBKB
NFKBIA,IKBKAP
NFKBIA,HSPA9
NFKBIA,HSPA8
NFKBIA,HSPA5
NFKBIA,HSPA1L
NFKBIA,HSP70-1
NFKBIA,CUL1
NFKBIA,COMMD1
NFKBIA,CLTC
NFKBIA,P62158
NFKBIA,ARRB1
NFKBIA,ANXA1
NFKBIA,ACTG1
NFKBIA,RP11-3J11.4
NFKBIA,MCM7
NFKBIA,HSPA4
NFKBIA,FBXW11
NFKBIA,CHUK
NFKBIA,UBA52
NFKBIA,NFKB1
NFKBIA,IKBKG
NFKBIA,NFKB2
NFKB1,TUBB6
NFKB1,TUBB4
NFKB1,TUBB2B
NFKB1,TUBB
NFKB1,TUBA3C
NFKB1,TPR
NFKB1,TIMM50
NFKB1,STUB1
NFKB1,SLC25A6
NFKB1,SLC25A5
NFKB1,SFPQ
NFKB1,RUVBL2
NFKB1,RUVBL1
NFKB1,RPS8
NFKB1,PRKDC
NFKB1,NONO
NFKB1,NFKBIB
NFKB1,MYL6
NFKB1,MYL12A
NFKB1,MYH9
NFKB1,MYH10
NFKB1,MATR3
NFKB1,LYZ
NFKB1,KPNA4
NFKB1,KPNA3
NFKB1,KPNA1
NFKB1,KIAA1967
NFKB1,HSPA9
NFKB1,HSPA8
NFKB1,HSPA6
NFKB1,HSPA5
NFKB1,HSPA1L
NFKB1,HSP90AB1
NFKB1,HSP90AA1
NFKB1,HSP70-1
NFKB1,HNRPM
NFKB1,HNRNPF
NFKB1,EEF1A2
NFKB1,DSP
NFKB1,DNAJA3
NFKB1,DNAJA1
NFKB1,CLTC
NFKB1,CKB
NFKB1,CALM3
NFKB1,CAD
NFKB1,C1QBP
NFKB1,BAG2
NFKB1,ALB
NFKB1,ACTG1
NFKB1,VIM
NFKB1,TNIP2
NFKB1,RPS3
NFKB1,PDCD11
NFKB1,MAP3K8
NFKB1,HDAC1
NFKB1,SPAG9
NFKB1,RELB
NFKB1,RELA
NFKB1,REL
NFKB1,NFKBIE
NFKB1,NFKBIA
NFKB1,NFKB1
NFKB1,MEN1
NFKB1,HSPA4
NFKB1,E2F1
NFKB1,COPB2
NFKB1,CHUK
NFKB1,TNIP1
NFKB1,IKBKG
NFKB1,NFKB2
IKBKB,TUBA3C
IKBKB,HNRPU
IKBKB,CALM3
IKBKB,TUBB4
IKBKB,TUBB2B
IKBKB,TUBB
IKBKB,Q13748
IKBKB,TSC1
IKBKB,TIMM50
IKBKB,STAP2
IKBKB,SMARCC1
IKBKB,PARP1
IKBKB,MYH10
IKBKB,LYZ
IKBKB,KIAA1967
IKBKB,IQGAP1
IKBKB,IKBKB
IKBKB,HSPA9
IKBKB,HSPA8
IKBKB,HSPA5
IKBKB,HSPA1L
IKBKB,HSP90AB1
IKBKB,HSP90AA1
IKBKB,HSP70-1
IKBKB,HNRNPU
IKBKB,EPRS
IKBKB,CLTC
IKBKB,CDC37
IKBKB,P62158
IKBKB,C1QBP
IKBKB,ACTG1
IKBKB,MAP3K14
IKBKB,CHUK
IKBKB,NFKBIB
IKBKB,NCOA3
IKBKB,RELA
IKBKB,NFKBIA
IKBKB,FLNA
IKBKB,IKBKG
IKBKB,MYD88
GTF2I,BTK
FBXW7,NOTCH1
FBXW7,MYC
MEN1,MYH9
MEN1,NFKB2
MAP3K8,TUBB4
MAP3K8,TUBB
MAP3K8,Q13748
MAP3K8,RUVBL1
MAP3K8,PFKL
MAP3K8,MAP3K8
MAP3K8,LGALS3BP
MAP3K8,HSPA9
MAP3K8,HSPA8
MAP3K8,HSPA5
MAP3K8,HSPA1L
MAP3K8,HSP90AB1
MAP3K8,HSP90AA1
MAP3K8,HSP70-1
MAP3K8,EPPK1
MAP3K8,EEF1A2
MAP3K8,DSP
MAP3K8,CLTC
MAP3K8,P62158
MAP3K8,ACTL6A
MAP3K8,TNIP2
MAP3K8,REL
MAP3K8,RELA
MAP3K8,NFKB1
MAP3K8,NFKB2
CHUK,NFKBIE
CHUK,MYH10
CHUK,MYH9
CHUK,MAP3K14
CHUK,IKBKB
CHUK,NCOA3
CHUK,MAP3K7
CHUK,MAP3K3
CHUK,RELA
CHUK,NFKBIA
CHUK,IKBKG
CHUK,NFKB2
TNIP2,MAP3K8
TNIP2,TNFAIP3
TNIP2,NFKB1
TNIP2,IKBKG
TNIP2,NFKB2
SEC16A,NFKB2
RPS13,MAP3K14
RPS13,NFKB2
RPL6,MAP3K14
RPL6,NFKB2
GLG1,NFKB2
RIPK2,TUBA3C
RIPK2,TRAF2
RIPK2,CASP1
RIPK2,CALM3
RIPK2,YA61
RIPK2,VIM
RIPK2,VDAC1
RIPK2,TUBB4
RIPK2,TUBB2B
RIPK2,TUBB
RIPK2,Q13748
RIPK2,SOD2
RIPK2,RPS14
RIPK2,RPL38
RIPK2,RPL36
RIPK2,RIPK2
RIPK2,PSMB5
RIPK2,PSMA7
RIPK2,PSMA6
RIPK2,PHB2
RIPK2,PCMT1
RIPK2,NFATC2
RIPK2,MYO1D
RIPK2,MYH9
RIPK2,MYH10
RIPK2,KIF14
RIPK2,KCTD12
RIPK2,HSPA8
RIPK2,HSPA6
RIPK2,HSPA2
RIPK2,HSPA1L
RIPK2,HSP90AA1
RIPK2,HSP70-1
RIPK2,HNRNPA3
RIPK2,HADHB
RIPK2,GLT8D3
RIPK2,GEMIN4
RIPK2,GAPDH
RIPK2,FABP5
RIPK2,EZR
RIPK2,ENO1
RIPK2,ECHS1
RIPK2,P62158
RIPK2,ATP5D
RIPK2,ACTG1
RIPK2,TRAF1
APIP,LNX1
APIP,VPS25
APIP,NUDT18
APIP,APIP
GFI1B,LAMB1
GFI1B,ACTN1
GFI1B,JAG2
GFI1B,NOTCH1
GFI1B,DNAJA3
GFI1B,TRAF1
RDX,ITGB2
RANBP9,MET
RANBP9,ITGAL
RANBP9,ITGB2
MAPK8IP1,EGFR
MAPK8IP1,MAP3K7
MAPK8IP1,ERBB2
MAPK8IP1,MAP3K7IP1
ANKS1B,EGFR
ANKS1B,ERBB2
ABL1,NOTCH3
ABL1,CNTFR
ABL1,PRKCD
ABL1,TP73
ABL1,EP300
ABL1,EGFR
ABL1,ERBB3
ABL1,ERBB2
ABL1,ADAM15
ABL1,VAV1
ABL1,ITGB2
TLN2,ITGB2
VAV1,RAC1
VAV1,ERBB3
VAV1,ERBB2
VAV1,EGFR
VAV1,CRK
VAV1,ABL1
VAV1,ZNF655
VAV1,GRB2
VAV1,CBL
COPS3,ITGB2
SYK,PIK3R1
SYK,FGR
SYK,ERBB4
SYK,CBL
SYK,BLNK
SYK,PIK3R2
SYK,POU2AF1
SYK,PLCG1
SYK,RPS6KA2
SYK,FCER1G
SYK,LCK
SYK,EGFR
SYK,ERBB3
SYK,ERBB2
SYK,ITGB2
ITGB2,TLN2
ITGB2,RDX
ITGB2,RANBP9
ITGB2,RABGAP1
ITGB2,PSCD1
ITGB2,MAPK8IP1
ITGB2,GULP1
ITGB2,EPS8
ITGB2,COPS3
ITGB2,ANKS1B
ITGB2,ABL1
ITGB2,VAV1
ICAM2,ITGB2
PTPN6,CAV1
PTPN6,PILRA
PTPN6,PDGFRB
PLCG1,MAP4K1
PLCG1,EGFR
PLCG1,ERBB3
PLCG1,ERBB2
PLCG1,AKT1
PLCG1,GHR
PLCG1,FLNA
PLCG1,FCGR2B
IGHG1,APOA1
IGHG1,FGFR1
IGHG1,FN1
IGHG1,FCGR2B
FCGR2B,PTPN6
FCGR2B,INPP5D
FCGR2B,FYN
FCGR2B,CRK
FCGR2B,SRC
FCGR2B,PLCG1
FCGR2B,NCK1
FCGR2B,IGHG1
FCGR2B,C14orf1
UBXN7,VCP
UBXN7,BIRC2
UBXN1,VCP
UBXN1,BIRC2
UBE2W,BIRC2
CASP9,NOD1
CASP9,XIAP
CASP9,CASP9
CASP9,BIRC7
CASP9,APAF1
CASP9,BIRC2
CASP7,NUCB2
CASP7,XIAP
CASP7,CASP7
CASP7,BIRC2
JUP,NFKBIE
DIABLO,XIAP
DIABLO,BIRC7
DIABLO,BIRC2
CASP3,NUCB2
CASP3,AKT3
CASP3,AKT2
CASP3,YWHAE
CASP3,XIAP
CASP3,WNK3
CASP3,CASP3
CASP3,CASP9
CASP3,PARP1
CASP3,BIRC7
CASP3,AKT1
CASP3,APAF1
EDA,EDAR
JAK1,STAM2
JAK1,ELF3
JAK1,EIF4A2
JAK1,GRB2
JAK1,IFNAR1
JAK1,ERBB2
JAK1,IFNAR2
JAK1,IL6R
LOC541472,OSM
LOC541472,IL6R
TRAF3IP1,TRAF3
NFKB2,UBC
NFKB2,TUBA3C
NFKB2,TNIP1
NFKB2,SUMO1
NFKB2,PSMC6
NFKB2,MAP3K8
NFKB2,LKP
NFKB2,HNRPU
NFKB2,HNRPM
NFKB2,hCG_1988342
NFKB2,HADHA
NFKB2,CKB
NFKB2,CALM3
NFKB2,XRCC5
NFKB2,TUBGCP2
NFKB2,TUBB6
NFKB2,TUBB4
NFKB2,TUBB2B
NFKB2,TUBB
NFKB2,Q13748
NFKB2,TUBA1A
NFKB2,TNIP2
NFKB2,TIMM50
NFKB2,TFG
NFKB2,SMARCA4
NFKB2,SKP1
NFKB2,SFPQ
NFKB2,SEC16A
NFKB2,RUVBL2
NFKB2,RUVBL1
NFKB2,RPS8
NFKB2,RPS5
NFKB2,RPS4X
NFKB2,RPS3A
NFKB2,RPS3
NFKB2,P62988
NFKB2,RPS27
NFKB2,RPS24
NFKB2,RPS19
NFKB2,RPS18
NFKB2,RPS16
NFKB2,RPS15A
NFKB2,RPS14
NFKB2,RPS13
NFKB2,RPS11
NFKB2,RPS10
NFKB2,RPLP2
NFKB2,RPLP0
NFKB2,RPL7A
NFKB2,RPL7
NFKB2,RPL6
NFKB2,RPL18
NFKB2,RPL13
NFKB2,RPL11
NFKB2,RARS
NFKB2,PSMD7
NFKB2,PSMD3
NFKB2,PSMD2
NFKB2,PSMD13
NFKB2,PSMD11
NFKB2,PSMD1
NFKB2,PSMC5
NFKB2,PSMC1
NFKB2,PSMB5
NFKB2,PSMA6
NFKB2,PSMA3
NFKB2,PRPF8
NFKB2,PRKDC
NFKB2,PPP2R1B
NFKB2,PPP2R1A
NFKB2,POLRMT
NFKB2,PFKL
NFKB2,PARP1
NFKB2,PABPC1
NFKB2,NFKBIE
NFKB2,NFKBIB
NFKB2,NCL
NFKB2,MYLK2
NFKB2,MYH9
NFKB2,MYBBP1A
NFKB2,MATR3
NFKB2,MARS
NFKB2,MAP3K14
NFKB2,LGALS3BP
NFKB2,KRT10
NFKB2,KIAA1967
NFKB2,IQGAP1
NFKB2,ILF2
NFKB2,IKBKG
NFKB2,IARS
NFKB2,HSPA9
NFKB2,HSPA8
NFKB2,HSPA6
NFKB2,HSPA5
NFKB2,HSPA1L
NFKB2,HSP90AB1
NFKB2,HSP90AA1
NFKB2,HSP70-1
NFKB2,HNRNPU
NFKB2,HNRNPH1
NFKB2,HNRNPC
NFKB2,HIST1H2BB
NFKB2,HADHB
NFKB2,GTF3C1
NFKB2,GLG1
NFKB2,GEMIN4
NFKB2,FBXW11
NFKB2,FASN
NFKB2,EPRS
NFKB2,EPPK1
NFKB2,EFTUD2
NFKB2,EEF1A2
NFKB2,DYNC1H1
NFKB2,DSP
NFKB2,DNAJA3
NFKB2,DNAJA1
NFKB2,DHX9
NFKB2,DDX3X
NFKB2,DDX21
NFKB2,DAP3
NFKB2,COMMD1
NFKB2,CLTC
NFKB2,CCT3
NFKB2,P62158
NFKB2,CAD
NFKB2,BTRC
NFKB2,BAG2
NFKB2,AIFM1
NFKB2,ACTG1
NFKB2,RPL30
NFKB2,RELB
NFKB2,RELA
NFKB2,REL
NFKB2,NFKBIA
NFKB2,NFKB2
NFKB2,NFKB1
NFKB2,IKBKB
NFKB2,GTF2I
NFKB2,FBXW7
NFKB2,CHUK
NFKB2,USP9X
NFKB2,TRAF3
MAP3K14,TUBA3C
MAP3K14,RPL9P9
MAP3K14,RPL15
MAP3K14,RPL10A
MAP3K14,LOC387907
MAP3K14,HNRPU
MAP3K14,HNRPM
MAP3K14,hCG_1988342
MAP3K14,GRWD1
MAP3K14,CALM3
MAP3K14,YBX1
MAP3K14,TUBB4
MAP3K14,TUBB2B
MAP3K14,TUBB
MAP3K14,Q13748
MAP3K14,TSR1
MAP3K14,TIMM50
MAP3K14,STUB1
MAP3K14,STAU1
MAP3K14,SSB
MAP3K14,SFPQ
MAP3K14,RUVBL2
MAP3K14,RUVBL1
MAP3K14,RSL1D1
MAP3K14,RRP12
MAP3K14,RPS9
MAP3K14,RPS8
MAP3K14,RPS6
MAP3K14,RPS5
MAP3K14,RPS4X
MAP3K14,RPS3A
MAP3K14,RPS3
MAP3K14,RPS24
MAP3K14,RPS23
MAP3K14,RPS20
MAP3K14,RPS18
MAP3K14,RPS17
MAP3K14,RPS16
MAP3K14,RPS15A
MAP3K14,RPS13
MAP3K14,RPS12
MAP3K14,RPS11
MAP3K14,RPS10
MAP3K14,RPLP2
MAP3K14,RPLP0
MAP3K14,RPL9RPL9P7RPL9P8RPL9P9
MAP3K14,RPL8
MAP3K14,RPL7A
MAP3K14,RPL7
MAP3K14,RPL6
MAP3K14,RPL5
MAP3K14,RPL4
MAP3K14,RPL35
MAP3K14,RPL32
MAP3K14,RPL30
MAP3K14,RPL3
MAP3K14,RPL27A
MAP3K14,RPL27
MAP3K14,RPL24
MAP3K14,RPL23
MAP3K14,RPL22
MAP3K14,RPL18
MAP3K14,RPL14
MAP3K14,RPL13
MAP3K14,RPL11
MAP3K14,RPL10L
MAP3K14,RPL10
MAP3K14,RARS
MAP3K14,RAP1B
MAP3K14,QARS
MAP3K14,PELI3
MAP3K14,PABPC1
MAP3K14,NPM1
MAP3K14,NCL
MAP3K14,MYBBP1A
MAP3K14,ILF2
MAP3K14,IARS
MAP3K14,HSPA9
MAP3K14,HSPA8
MAP3K14,HSPA6
MAP3K14,HSPA5
MAP3K14,HSPA1L
MAP3K14,HSP90AB1
MAP3K14,HSP90AA1
MAP3K14,HSP70-1
MAP3K14,HNRNPU
MAP3K14,HNRNPA1
MAP3K14,HIST1H1E
MAP3K14,GLUD1
MAP3K14,GAPDH
MAP3K14,FBL
MAP3K14,FAU
MAP3K14,EXOSC10
MAP3K14,EPRS
MAP3K14,DNAJA1
MAP3K14,DHX9
MAP3K14,DDX5
MAP3K14,DDX3X
MAP3K14,DDX21
MAP3K14,CSDA
MAP3K14,CDC37
MAP3K14,P62158
MAP3K14,CAD
MAP3K14,C1QBP
MAP3K14,BYSL
MAP3K14,BAG2
MAP3K14,ATP5A1
MAP3K14,ACTG1
MAP3K14,CHUK
MAP3K14,IKBKB
MAP3K14,MAP3K7
MAP3K14,IKBKG
MAP3K14,NFKB2
MAP3K14,EDAR
MAP3K14,TRAF3
EDAR,TRAF3
TANK,RARS
TANK,HNRPU
TANK,HNRPM
TANK,CALM3
TANK,TUBA3C
TANK,ZC3H12A
TANK,Q13748
TANK,TANK
TANK,NAP1L1
TANK,LARS
TANK,KRT9
TANK,KRT16
TANK,KRT1
TANK,KARS
TANK,IPO5
TANK,IARS
TANK,HSPA9
TANK,HSPA8
TANK,HSPA5
TANK,HSPA1L
TANK,HSP70-1
TANK,HNRNPU
TANK,HNRNPM
TANK,CLTC
TANK,P62158
TANK,TBK1
TANK,TRAF2
TANK,TRAF3
MAP2K4,MAP3K1
LRDD,LRDD
LRDD,PRKDC
LRDD,CASP2
LRDD,CRADD
IKBKG,UBC
IKBKG,TUBA3C
IKBKG,SQSTM1
IKBKG,MAP3K7
IKBKG,MALT1
IKBKG,HNRPU
IKBKG,hCG_1988342
IKBKG,FAM62A
IKBKG,DDX3X
IKBKG,DAP3
IKBKG,CARD11
IKBKG,CALM3
IKBKG,BCL10
IKBKG,ATRIP
IKBKG,ATR
IKBKG,ATM
IKBKG,YWHAZ
IKBKG,XPO7
IKBKG,XPO5
IKBKG,XPO1
IKBKG,VIM
IKBKG,VARS
IKBKG,UTP20
IKBKG,USP18
IKBKG,USO1
IKBKG,TXLNA
IKBKG,TUBB4
IKBKG,TUBB
IKBKG,TUBA8
IKBKG,TUBA4B
IKBKG,Q13748
IKBKG,TUBA1A
IKBKG,TRIM28
IKBKG,TNIP2
IKBKG,TIMM50
IKBKG,TBK1
IKBKG,TBCD
IKBKG,SRC
IKBKG,SMC4
IKBKG,SMC2
IKBKG,SLC25A6
IKBKG,SLC25A5
IKBKG,SFXN1
IKBKG,SET
IKBKG,RPS5
IKBKG,RPS3A
IKBKG,RPS3
IKBKG,RPS27L
IKBKG,P62988
IKBKG,RPS27
IKBKG,RPS20
IKBKG,RPS16
IKBKG,RPS15A
IKBKG,RPS14
IKBKG,RPS10
IKBKG,RPN1
IKBKG,RPLP2
IKBKG,RPLP0
IKBKG,RPL23
IKBKG,RPL11
IKBKG,RARS
IKBKG,PSMD13
IKBKG,PRKDC
IKBKG,PPP1CC
IKBKG,PPP1CB
IKBKG,PARP1
IKBKG,NCOA3
IKBKG,MYO6
IKBKG,MYO1D
IKBKG,MYO1C
IKBKG,MYL6
IKBKG,MYL12A
IKBKG,MYH9
IKBKG,MYH10
IKBKG,MSH2
IKBKG,MCM7
IKBKG,MARS
IKBKG,LRPPRC
IKBKG,LIMA1
IKBKG,LARS
IKBKG,KIF5B
IKBKG,IPO9
IKBKG,IPO7
IKBKG,IKBKB
IKBKG,IGHG3
IKBKG,IGHG1
IKBKG,IDH3A
IKBKG,IARS
IKBKG,HSPD1
IKBKG,HSPA9
IKBKG,HSPA8
IKBKG,HSPA6
IKBKG,HSPA5
IKBKG,HSPA1L
IKBKG,HSP90AB1
IKBKG,HSP70-1
IKBKG,HNRNPU
IKBKG,GOLGA3
IKBKG,GNB2L1
IKBKG,GCN1L1
IKBKG,GART
IKBKG,FLNA
IKBKG,FASN
IKBKG,FAM62AESYT1
IKBKG,F7
IKBKG,EPPK1
IKBKG,EEF1A2
IKBKG,ECM29
IKBKG,DYNC1H1
IKBKG,DDB1
IKBKG,DBN1
IKBKG,CSE1L
IKBKG,COPS3
IKBKG,COPA
IKBKG,CLTC
IKBKG,CHUK
IKBKG,CAPZA1
IKBKG,CANX
IKBKG,CAMK2D
IKBKG,P62158
IKBKG,CAD
IKBKG,ATP5O
IKBKG,ATP5B
IKBKG,ATG16L1
IKBKG,ACTG1
IKBKG,NFKBIA
IKBKG,IKBKG
IKBKG,HSP90AA1
IKBKG,CDC37
IKBKG,CCAR1
IKBKG,AURKA
IKBKG,NFKBIB
IKBKG,RIPK2
IKBKG,NFKB2
IKBKG,RIPK1
CCDC50,RIPK1
SRGAP3,FASLG
SRGAP2,FASLG
SNX18,FASLG
SKAP2,FASLG
SH3RF2,FASLG
SH3GL3,FASLG
SAMSN1,FASLG
RIMBP3C,FASLG
PSTPIP1,WAS
PSTPIP1,CD2
PSTPIP1,FASLG
NCKIPSD,FASLG
MYO15A,FASLG
MPP4,FASLG
MACC1,FASLG
LYN,SHC1
LYN,HCLS1
LYN,TRIP10
LYN,LYN
LYN,KHDRBS1
LYN,GP6
LYN,CSNK2B
LYN,SYK
LYN,FASLG
KALRN,FASLG
HCK,ERBB3
HCK,ADAM15
HCK,FASLG
FYB,FASLG
TEC,PTPRJ
TEC,ERBB2
TEC,PTPRC
SNX9,FASLG
PIK3R1,TLR3
PIK3R1,SYK
PIK3R1,INSR
PIK3R1,PDGFRB
PIK3R1,EGFR
PIK3R1,ERBB3
PIK3R1,ERBB2
PIK3R1,GHR
PIK3R1,FLNA
NCK2,ERBB3
NCK2,ERBB2
NCK1,CD3E
NCK1,CELSR2
NCK1,NOTCH3
NCK1,CNTFR
NCK1,WAS
NCK1,ANK2
NCK1,EGFR
NCK1,ERBB3
NCF1,RELA
ITK,ERBB3
ITK,ERBB2
ITK,FASLG
CRK,CELSR2
CRK,CNTFR
CRK,MAP4K1
CRK,EGFR
CRK,ERBB3
CRK,ERBB2
CRK,GHR
CRK,CD93
CRK,IGF1R
CRK,FLNA
CRK,FCGR2B
BTK,DAAM1
BTK,BLNK
BTK,MED28
BTK,SH3BP5
BTK,PRKCQ
BTK,IBTK
BTK,GTF2I
BTK,BTK
EPS8L3,FASLG
DOCK4,FASLG
DNMBP,FASLG
CACNB4,FASLG
ARHGAP9,FASLG
TNFRSF6B,TNFSF14
LGALS2,LTA
TNFRSF19,TRAF5
TNFRSF19,TRAF2
CASP8AP2,SP100
CASP8AP2,CASP8
CASP8AP2,FADD
MYD88,TLR2
MYD88,TIRAP
MYD88,STAP2
MYD88,SPOP
MYD88,MYD88
MYD88,IRAK1
MYD88,FADD
MOBKL3,PTPRS
MOBKL3,PPP2R1B
MOBKL3,FADD
LRRCC1,FADD
RIPK3,UBC
RIPK3,TUBA3C
RIPK3,REC14
RIPK3,GNG12
RIPK3,EEF1D
RIPK3,CALM3
RIPK3,ZBP1
RIPK3,YWHAE
RIPK3,WDR61
RIPK3,VIM
RIPK3,TUBB4
RIPK3,TUBB2B
RIPK3,TUBB
RIPK3,Q13748
RIPK3,TPM3
RIPK3,TPM1
RIPK3,TIMM50
RIPK3,TIAF1
RIPK3,SPTBN1
RIPK3,SPTAN1
RIPK3,SLC25A5
RIPK3,SLC25A3
RIPK3,SCIN
RIPK3,RUVBL2
RIPK3,RUVBL1
RIPK3,P62988
RIPK3,RPS27
RIPK3,RPL23
RIPK3,RIPK3
RIPK3,RAI14
RIPK3,PRKDC
RIPK3,PRDX1
RIPK3,PPP1R9B
RIPK3,PPP1R12A
RIPK3,PPP1CC
RIPK3,PPP1CB
RIPK3,NONO
RIPK3,MYO6
RIPK3,MYO1D
RIPK3,MYO1C
RIPK3,MYO1B
RIPK3,MYL6B
RIPK3,MYL6
RIPK3,MYL12A
RIPK3,MYH10
RIPK3,MPRIP
RIPK3,LIMA1
RIPK3,IQGAP1
RIPK3,HSPA9
RIPK3,HSPA8
RIPK3,HSPA5
RIPK3,HSPA1L
RIPK3,HSP90AB1
RIPK3,HSP90AA1
RIPK3,HSP70-1
RIPK3,HNRNPH1
RIPK3,HNRNPA1
RIPK3,HADHA
RIPK3,GNB4
RIPK3,GNB2
RIPK3,GNB1
RIPK3,GNAI3
RIPK3,EPRS
RIPK3,EEF1A2
RIPK3,DNAJA1
RIPK3,DDX5
RIPK3,DDX3X
RIPK3,DBN1
RIPK3,DAPK1
RIPK3,CYTSA
RIPK3,CORO1C
RIPK3,CLTC
RIPK3,CDC37
RIPK3,CCT7
RIPK3,CCT5
RIPK3,CCT2
RIPK3,CAPZB
RIPK3,CAPZA1
RIPK3,P62158
RIPK3,CAD
RIPK3,C1QBP
RIPK3,BASP1
RIPK3,ATAD3A
RIPK3,AIFM1
RIPK3,AIF1L
RIPK3,ACTN4
RIPK3,ACTG1
RIPK3,FLNA
RIPK3,RIPK1
MBD4,FADD
EDA2R,TRAF6
EDA2R,CASP8
EDA2R,CASP10
DDX24,FADD
TNFSF13B,TNFRSF17
TNFSF13B,TNFRSF13B
TNFRSF13B,TNFSF13
TNFRSF13B,TNFSF13B
TNFRSF21,APP
KIAA1967,MYC
HSP90AB1,ACTN1
HSP90AB1,MYH9
HSP90AB1,PRKDC
HSP90AB1,PPP5C
HSP90AB1,FLNA
HSP90AA1,NR3C1
HSP90AA1,MAP3K14
HSP90AA1,TBK1
HSP90AA1,IKBKE
HSP90AA1,MAP3K1
HSP90AA1,IKBKB
HSP90AA1,MAP3K7
HSP90AA1,MAP3K3
PPP2R1A,PPP2R1B
PPP2R1A,TP53
PPP2R1A,AKT1
PPP2R1A,TRADD
KRT18,TRADD
SIVA1,PXMP2
SIVA1,BCL2L1
SIVA1,CD27
CD27,TRAF2
CD27,SIVA1
BCL6,NCOR1
BCL6,CACNA1A
BCL6,EPHB6
BCL6,TNFRSF8
TNFRSF8,TNFSF8
IER3,PPP2R5B
IER3,PPP2CA
IER3,PPP2R5C
IER3,MCL1
ZBTB16,TRAF2
SH3GL2,EGFR
SH3GL2,ADAM9
SH3GL2,ADAM15
IL6ST,CNTF
IL6ST,OSM
IL6ST,LIF
IL6ST,JAK1
IL6ST,IL6ST
IL6ST,IL11
IL6ST,LOC541472
IL6R,ERAP1
IL6R,LOC541472
IL6,ZBTB16
IL6,SH3GL2
IL6,IL6ST
IL6,IL6R
TRIM28,NCOR1
HNRNPM,MAP3K14
HNRNPM,NFKB2
CYCS,APAF1
SF3B3,TNFRSF10D
PSMC1,TNFRSF10D
TNFRSF10D,XPO5
TNFRSF10D,WDR1
TNFRSF10D,VARS
TNFRSF10D,USP5
TNFRSF10D,TRIM28
TNFRSF10D,TKT
TNFRSF10D,SMC2
TNFRSF10D,SHMT2
TNFRSF10D,SF3A1
TNFRSF10D,SEPHS1
TNFRSF10D,RHPN2
TNFRSF10D,RBBP4
TNFRSF10D,RANBP1
TNFRSF10D,PSMD1
TNFRSF10D,PLS3
TNFRSF10D,PFAS
TNFRSF10D,PDCD6IP
TNFRSF10D,PABPC4
TNFRSF10D,NUDC
TNFRSF10D,MYH10
TNFRSF10D,MTPN
TNFRSF10D,MTHFD1
TNFRSF10D,MIF
TNFRSF10D,MARS
TNFRSF10D,LRPPRC
TNFRSF10D,LARS
TNFRSF10D,KIF5B
TNFRSF10D,IQGAP1
TNFRSF10D,IMPDH2
TNFRSF10D,HYOU1
TNFRSF10D,HSPE1
TNFRSF10D,HNRNPM
TNFRSF10D,GSPT1
TNFRSF10D,GANAB
TNFRSF10D,DLD
TNFRSF10D,DHX9
TNFRSF10D,DARS
TNFRSF10D,CYCS
TNFRSF10D,CSDE1
TNFRSF10D,COPB2
TNFRSF10D,CALR
TNFRSF10D,ACLY
TNFRSF10D,1683437
TNFRSF10D,1585552
TNFRSF11A,TRAF6
TNFRSF11A,TRAF5
TNFRSF11A,TRAF2
VCP,UBC
VCP,UFD1L
VCP,UBXN7
VCP,UBXN6
VCP,UBXN4
VCP,NSFL1C
VCP,NPLOC4
VCP,HIF1A
VCP,CUL2
VCP,CUL1
VCP,ATXN3
VCP,AMFR
VCP,UBXD8
TNFSF14,TNFRSF6B
TNFSF14,LTB
TNFSF14,TNFRSF14
RUVBL2,MYC
RUVBL2,TRAF2
PRMT1,TRAF6
PFDN2,MAP3K3
HPRT1,IKBKE
HNRNPL,FGFR3
DHX9,RELA
CDC37,MAP3K14
CDC37,IKBKE
CDC37,MAP3K1
CDC37,IKBKB
CDC37,MAP3K7
CDC37,AKT1
CDC37,TRAF6
RPL36,TNFRSF14
GRB2,MYH10
GRB2,ACTN1
GRB2,VAV3
GRB2,MYH9
GRB2,CNTFR
GRB2,ANK2
GRB2,PRKDC
GRB2,MAP4K1
GRB2,PDGFRB
GRB2,EGFR
GRB2,DNAJA3
GRB2,ERBB2
GRB2,FN1
GRB2,GHR
GRB2,FLNA
GRB2,FCGR2B
GRB2,TNFRSF14
ATXN10,TNFRSF14
TNFRSF14,VIM
TNFRSF14,VCP
TNFRSF14,UGGT1
TNFRSF14,TRAF5
TNFRSF14,TRAF2
TNFRSF14,TNFSF14
TNFRSF14,TARDBP
TNFRSF14,ST13
TNFRSF14,SSR4
TNFRSF14,SSB
TNFRSF14,SRPRB
TNFRSF14,SPCS2
TNFRSF14,SLC25A22
TNFRSF14,SLC25A10
TNFRSF14,SEC11A
TNFRSF14,RUVBL2
TNFRSF14,RNMTL1
TNFRSF14,RNF219
TNFRSF14,QIL1
TNFRSF14,PSPH
TNFRSF14,PSMB1
TNFRSF14,PSMA3
TNFRSF14,PRMT1
TNFRSF14,PFDN2
TNFRSF14,PER2
TNFRSF14,PDIA6
TNFRSF14,P4HB
TNFRSF14,NCLN
TNFRSF14,MIF
TNFRSF14,LTA
TNFRSF14,LHPP
TNFRSF14,HTRA2
TNFRSF14,HSPE1
TNFRSF14,HSPBP1
TNFRSF14,HPRT1
TNFRSF14,HNRNPL
TNFRSF14,GDI2
TNFRSF14,GCN1L1
TNFRSF14,GCLM
TNFRSF14,FAM113A
TNFRSF14,EIF3I
TNFRSF14,EIF3E
TNFRSF14,DPM1
TNFRSF14,DNAJA1
TNFRSF14,DHX9
TNFRSF14,DCD
TNFRSF14,CNIH4
TNFRSF14,CHD3
TNFRSF14,CDC37
TNFRSF14,CCDC59
TNFRSF14,C7orf20
TNFRSF14,C2orf47
TNFRSF14,AIFM1
TNFSF13,TNFRSF14
SALL2,NGFR
TSC1,IKBKB
APP,APOA1
APP,MYH9
APP,MAP3K5
APP,TGFB1
APP,TNFRSF21
APP,NGFR
NGFB,NTRK1
NGFB,NGFR
NTRK1,PTPN1
NTRK1,KIDINS220
NTRK1,PTPN6
NTRK1,PTPRO
NTRK1,PTPRJ
NTRK1,PTPN12
NTRK1,NGFR
NGFR,SALL2
NGFR,TSC1
NGFR,NGFRAP1
NGFR,NTRK1
LTBR,LTA
SLC27A6,TNFRSF10C
ZHX1,LAMA4
APOA1,TXNDC2
APOA1,TTR
APOA1,TNS3
APOA1,SPEF2
APOA1,SMPDL3A
APOA1,SETX
APOA1,SERTAD3
APOA1,SAFB2
APOA1,RRP1B
APOA1,ROBO3
APOA1,QDPR
APOA1,PTPN5
APOA1,PDE4B
APOA1,P10266
APOA1,P01614
APOA1,NLRP1
APOA1,MOCOS
APOA1,LECT1
APOA1,KRT9
APOA1,KRT16
APOA1,KRT1
APOA1,KIAA0754
APOA1,IGKC
APOA1,HBA1HBA2
APOA1,FGA
APOA1,FAM83C
APOA1,FAM169A
APOA1,DNTT
APOA1,CTSL1
APOA1,CP
APOA1,CLU
APOA1,C1QC
APOA1,C1QA
APOA1,APP
APOA1,APOC3
APOA1,APOC1
APOA1,ABCA6
APOA1,APOA1
APOA1,LCAT
APOA1,FN1
LRSAM1,TNFRSF10C
TNFRSF10C,ZHX1
TNFRSF10C,FAM101B
TNFRSF10C,APOA1
TUFM,TNFRSF1B
TRAF1,TUBA3C
TRAF1,DNAJA1
TRAF1,UBC
TRAF1,TUBB4
TRAF1,TUBB
TRAF1,Q13748
TRAF1,TRAF2
TRAF1,TRAF1
TRAF1,TIMM50
TRAF1,SLC25A5
TRAF1,SFPQ
TRAF1,RPS3
TRAF1,P62988
TRAF1,RCN2
TRAF1,PPIB
TRAF1,NT5DC2
TRAF1,NONO
TRAF1,NAP1L1
TRAF1,IGHG1
TRAF1,HSPA9
TRAF1,HSPA8
TRAF1,HSPA1L
TRAF1,HSP90AA1
TRAF1,HSP70-1
TRAF1,GAPDH
TRAF1,DDX5
TRAF1,DDX3X
TRAF1,C1QBP
TRAF1,BAG2
TRAF1,APIP
TRAF1,ANP32A
TRAF1,ACTG1
TRAF1,TNFRSF19
TRAF1,TNFRSF14
TRAF1,TNFRSF1B
VIM,APIP
TRIP13,CARD14
MAD2L1,INSR
MAD2L1,ADAM17
IRS4,EGFR
IRS4,ERBB2
HSP90B1,CSNK2A1
HSP90B1,EIF2AK3
HNRNPC,KRAS
HNRNPC,IKBKE
GBF1,ARHGEF1
FLNA,PIK3R1
FLNA,ITGB7
FLNA,ITGB4
FLNA,ITGB1
FLNA,FYN
FLNA,CRK
FLNA,CCNB2
FLNA,PLCG1
FLNA,GRB2
FLNA,FLNB
FLNA,ARHGAP24
FLNA,ABL1
FLNA,PSEN1
CSE1L,TP53
TNFRSF1B,UBC
TNFRSF1B,TUFM
TNFRSF1B,TUBA3C
TNFRSF1B,HNRPU
TNFRSF1B,EPPK1
TNFRSF1B,CCT1
TNFRSF1B,CALM3
TNFRSF1B,XPOT
TNFRSF1B,XPO5
TNFRSF1B,XPO1
TNFRSF1B,XPNPEP3
TNFRSF1B,VIM
TNFRSF1B,TUBB4
TNFRSF1B,TUBB2B
TNFRSF1B,TUBB
TNFRSF1B,Q13748
TNFRSF1B,TTC35
TNFRSF1B,TRIP13
TNFRSF1B,TRAF2
TNFRSF1B,TNFRSF1B
TNFRSF1B,TIMM50
TNFRSF1B,TCP1
TNFRSF1B,SSR4
TNFRSF1B,SLC25A6
TNFRSF1B,SLC25A5
TNFRSF1B,SLC25A4
TNFRSF1B,SLC25A3
TNFRSF1B,SLC25A11
TNFRSF1B,SLC25A1
TNFRSF1B,SLC1A5
TNFRSF1B,SLC1A3
TNFRSF1B,SERPINB3
TNFRSF1B,SEC61A1
TNFRSF1B,RPS3
TNFRSF1B,RPS27L
TNFRSF1B,P62988
TNFRSF1B,RPS27
TNFRSF1B,RPS18
TNFRSF1B,RPS16
TNFRSF1B,RPS14
TNFRSF1B,RPL38
TNFRSF1B,RPL23
TNFRSF1B,RCN2
TNFRSF1B,PTPLAD1
TNFRSF1B,PRKDC
TNFRSF1B,PHGDH
TNFRSF1B,PFKP
TNFRSF1B,MYO6
TNFRSF1B,MYLK2
TNFRSF1B,MYH9
TNFRSF1B,MYH10
TNFRSF1B,MON2
TNFRSF1B,MAD2L1
TNFRSF1B,KPNB1
TNFRSF1B,KCTD12
TNFRSF1B,IRS4
TNFRSF1B,IPO8
TNFRSF1B,IPO7
TNFRSF1B,HSPA9
TNFRSF1B,HSPA8
TNFRSF1B,HSPA6
TNFRSF1B,HSPA5
TNFRSF1B,HSPA1L
TNFRSF1B,HSP90B1
TNFRSF1B,HSP70-1
TNFRSF1B,HNRNPU
TNFRSF1B,HNRNPC
TNFRSF1B,HEATR6
TNFRSF1B,HAX1
TNFRSF1B,GCN1L1
TNFRSF1B,GBF1
TNFRSF1B,GAPDH
TNFRSF1B,FLNA
TNFRSF1B,FANCI
TNFRSF1B,FANCD2
TNFRSF1B,EEF1A2
TNFRSF1B,DNAJA3
TNFRSF1B,DNAJA1
TNFRSF1B,DDOST
TNFRSF1B,DDB1
TNFRSF1B,DBT
TNFRSF1B,CSE1L
TNFRSF1B,COPB1
TNFRSF1B,CLTC
TNFRSF1B,CDIPT
TNFRSF1B,CBWD2
TNFRSF1B,CAD
TNFRSF1B,C1QBP
TNFRSF1B,BAG2
TNFRSF1B,ATP5A1
TNFRSF1B,ATP2A2
TNFRSF1B,ATP2A1
TNFRSF1B,ATP1A1
TNFRSF1B,ATAD3A
TNFRSF1B,AIFM1
TNFRSF1B,ACTG1
TNFRSF1B,ACTBL3
TNFRSF1B,TNF
SQSTM1,MALT1
SQSTM1,TRAF6
SQSTM1,IKBKG
SQSTM1,CASP8
OTUD7B,TRAF6
CUL3,CASP8
CFLAR,MAP2K4
CFLAR,MAP2K1
CFLAR,MAP2K7
CFLAR,USP15
CFLAR,UNC84B
CFLAR,TUFM
CFLAR,SF3B3
CFLAR,SF3B1
CFLAR,RPS29
CFLAR,RADIL
CFLAR,MIF
CFLAR,HNRNPL
CFLAR,FSCN1
CFLAR,FBL
CFLAR,EPPK1
CFLAR,EIF3F
CFLAR,DOK2
CFLAR,CDC37
CFLAR,DAXX
TRAF6,UBC
TRAF6,TUBA3C
TRAF6,TAX1BP1
TRAF6,SQSTM1
TRAF6,SPHK1
TRAF6,MALT1
TRAF6,CCL20
TRAF6,CALM3
TRAF6,ZRANB1
TRAF6,ZNF675
TRAF6,YA61
TRAF6,VTA1
TRAF6,VPS35
TRAF6,VDAC2
TRAF6,VDAC1
TRAF6,VCP
TRAF6,VARS
TRAF6,UK114
TRAF6,UEVLD
TRAF6,UCHL1
TRAF6,UBE2V2
TRAF6,UBE2V1
TRAF6,UBE2N
TRAF6,UBE2M
TRAF6,UBE2L3
TRAF6,UBE2D4
TRAF6,UBE2D3
TRAF6,UBE2D2
TRAF6,UBE2D1
TRAF6,UBA2
TRAF6,TXN
TRAF6,TUFM
TRAF6,TUBB6
TRAF6,TUBB4
TRAF6,TUBB2B
TRAF6,TUBB
TRAF6,Q13748
TRAF6,TSN
TRAF6,TRMT112
TRAF6,TRIM28
TRAF6,TRAFD1
TRAF6,TPR
TRAF6,TMEM109
TRAF6,TMED10
TRAF6,TJP2
TRAF6,THRAP3
TRAF6,TFRC
TRAF6,TCEB1
TRAF6,TBCA
TRAF6,TARSL2
TRAF6,TARS
TRAF6,TALDO1
TRAF6,TAGLN2
TRAF6,STRAP
TRAF6,STIP1
TRAF6,ST13
TRAF6,SSB
TRAF6,SLIRP
TRAF6,SLC16A1
TRAF6,SET
TRAF6,set./09
TRAF6,set./11
TRAF6,SEC11A
TRAF6,SDCCAG8
TRAF6,SAR1A
TRAF6,SAE1
TRAF6,S100A11
TRAF6,RUVBL2
TRAF6,RUVBL1
TRAF6,RTN4
TRAF6,RPS9
TRAF6,RPS3A
TRAF6,P62988
TRAF6,RPS27A
TRAF6,RPS11
TRAF6,RPS10
TRAF6,RPL38
TRAF6,RPL36
TRAF6,RPL35A
TRAF6,RPL35
TRAF6,RPL24
TRAF6,RPL23A
TRAF6,RPL18A
TRAF6,RPA3
TRAF6,RNF126
TRAF6,RHPN2
TRAF6,RHOC
TRAF6,REXO2
TRAF6,RCN2
TRAF6,RCC2
TRAF6,RCC1
TRAF6,RBBP7
TRAF6,RAP1A
TRAF6,RANGAP1
TRAF6,RANBP1
TRAF6,RAC1
TRAF6,RAB7A
TRAF6,RAB11A
TRAF6,RAB10
TRAF6,PTGES3
TRAF6,PSMD8
TRAF6,PSMD7
TRAF6,PSMD4
TRAF6,PSMD3
TRAF6,PSMD2
TRAF6,PSMD14
TRAF6,PSMD11
TRAF6,PSMD1
TRAF6,PSMC6
TRAF6,PSMC5
TRAF6,PSMC4
TRAF6,PSMC2
TRAF6,PSMB6
TRAF6,PSMB4
TRAF6,PSMB3
TRAF6,PSMB2
TRAF6,PSMA6
TRAF6,PSMA4
TRAF6,PSMA3
TRAF6,PSMA2
TRAF6,PSMA1
TRAF6,PRPSAP1
TRAF6,PRPF8
TRAF6,PRKCSH
TRAF6,PREP
TRAF6,PPP2R1A
TRAF6,PPP2CB
TRAF6,PPM1G
TRAF6,PPIB
TRAF6,POLR2H
TRAF6,PNPT1
TRAF6,PNO1
TRAF6,PIN1
TRAF6,PHPT1
TRAF6,PHB2
TRAF6,PGRMC1
TRAF6,PGD
TRAF6,PFN2
TRAF6,PFKP
TRAF6,PFAS
TRAF6,PELI3
TRAF6,PDIA6
TRAF6,PDIA4
TRAF6,PCNA
TRAF6,PCMT1
TRAF6,PCBP1
TRAF6,PARP1
TRAF6,PAICS
TRAF6,PAFAH1B2
TRAF6,PABPC1
TRAF6,PA2G4
TRAF6,OR10J1
TRAF6,OAT
TRAF6,NUP155
TRAF6,NUDT5
TRAF6,NUDT21
TRAF6,NUDT11
TRAF6,NPM1
TRAF6,NPEPPS
TRAF6,NP
TRAF6,NHP2L1
TRAF6,NHP2
TRAF6,NEDD8
TRAF6,NAT13
TRAF6,NASP
TRAF6,NAP1L1
TRAF6,MYL12A
TRAF6,MTPN
TRAF6,MTHFD1
TRAF6,MT-CO2
TRAF6,MSN
TRAF6,MRTO4
TRAF6,MRPL13
TRAF6,MOBKL1B
TRAF6,MLEC
TRAF6,MIF
TRAF6,MCM7
TRAF6,MCM6
TRAF6,MCM3
TRAF6,MAT2A
TRAF6,MARS
TRAF6,MARCKS
TRAF6,MAPRE1
TRAF6,MAP3K7IP3
TRAF6,MAP3K7IP1
TRAF6,MAP3K7
TRAF6,MAP3K14
TRAF6,LRPPRC
TRAF6,KPNB1
TRAF6,KHSRP
TRAF6,KCTD12
TRAF6,KCNQ1
TRAF6,IRAK2
TRAF6,IRAK1
TRAF6,IPO7
TRAF6,IMPDH2
TRAF6,IL1RL1
TRAF6,IGF2R
TRAF6,IER3IP1
TRAF6,IARS
TRAF6,HYOU1
TRAF6,HSPE1
TRAF6,HSPA9
TRAF6,HSPA8
TRAF6,HSPA5
TRAF6,HSPA4L
TRAF6,HSPA1L
TRAF6,HSP70-1
TRAF6,HPRT1
TRAF6,HNRPDL
TRAF6,HNRNPL
TRAF6,HNRNPC
TRAF6,HMGB3
TRAF6,HMGB2
TRAF6,HEATR3
TRAF6,HARS
TRAF6,HADHA
TRAF6,HADH
TRAF6,GSTO1
TRAF6,GSTM3
TRAF6,GSPT1
TRAF6,GNB2
TRAF6,GNAI3
TRAF6,GMFB
TRAF6,GLUD1
TRAF6,GLT8D3
TRAF6,GDI2
TRAF6,GCN1L1
TRAF6,GARS
TRAF6,GANAB
TRAF6,G3BP1
TRAF6,FSCN1
TRAF6,FLNB
TRAF6,FASTKD2
TRAF6,FANCD2
TRAF6,FABP5
TRAF6,FAAP24
TRAF6,EZR
TRAF6,ETFA
TRAF6,ETF1
TRAF6,ESD
TRAF6,ERLIN1
TRAF6,ERH
TRAF6,EPPK1
TRAF6,EIF4G1
TRAF6,EIF4E2
TRAF6,EIF4E
TRAF6,EIF3M
TRAF6,EIF3K
TRAF6,EIF3J
TRAF6,EIF3I
TRAF6,EIF3F
TRAF6,EIF3E
TRAF6,EIF2S3
TRAF6,EIF2S1
TRAF6,EIF1AX
TRAF6,EEF1D
TRAF6,EEF1A2
TRAF6,ECHS1
TRAF6,DYNC1H1
TRAF6,DUPD1
TRAF6,DNAJA1
TRAF6,DHX9
TRAF6,derp12
TRAF6,DDX3X
TRAF6,DDX21
TRAF6,DDB1
TRAF6,DCXR
TRAF6,CYCS
TRAF6,CYB5B
TRAF6,CYB5A
TRAF6,CUL1
TRAF6,CTPS
TRAF6,CTAGE5
TRAF6,CSDE1
TRAF6,CS
TRAF6,COPG
TRAF6,CNP
TRAF6,CDC42
TRAF6,CD81
TRAF6,CD44
TRAF6,CCDC59
TRAF6,CBR1
TRAF6,CARHSP1
TRAF6,CAPZB
TRAF6,CAPZA1
TRAF6,CALR
TRAF6,P62158
TRAF6,CACYBP
TRAF6,C19orf10
TRAF6,C13orf33
TRAF6,C12orf35
TRAF6,BUB3
TRAF6,BTF3
TRAF6,BRI3BP
TRAF6,BPNT1
TRAF6,BAG2
TRAF6,ATP5O
TRAF6,ATP5J2
TRAF6,ATP2A2
TRAF6,ATIC
TRAF6,ASXL2
TRAF6,ARPC2
TRAF6,APRT
TRAF6,APOA1BP
TRAF6,APEX1
TRAF6,AP2A1
TRAF6,ANXA2
TRAF6,AKR1B1
TRAF6,AK2
TRAF6,AIMP2
TRAF6,AHCYL2
TRAF6,AHCY
TRAF6,ACTR3
TRAF6,ACTR2
TRAF6,ACTG1
TRAF6,ACAT2
TRAF6,ABCE3
TRAF6,40040348
TRAF6,1683437
TRAF6,PSMD13
TRAF6,PSMD12
TRAF6,PSMC3
TRAF6,PSMC1
TRAF6,PSMB5
TRAF6,PSMD6
TRAF6,TNFAIP3
TRAF6,MAP3K7IP2
TRAF6,DIABLO
TRAF6,CD40
SGK1,VCP
PSMD1,TRAF6
PCMT1,APOA1
MYCBP,MYC
FBL,MAP3K14
DDX3X,IKBKG
DDX3X,NFKB2
TRAF3,TRAF3IP1
TRAF3,TANK
TRAF3,EDA2R
TRAF3,TNFRSF14
TRAF3,LTBR
TRAF3,CD40
CD40,USP15
CD40,UGGT1
CD40,TXN
CD40,SLC39A7
CD40,SLC30A7
CD40,SGK1
CD40,RNF219
CD40,RFC5
CD40,PSMD1
CD40,POLR2H
CD40,PCMT1
CD40,OGT
CD40,MYCBP
CD40,KATNA1
CD40,FBL
CD40,ERP44
CD40,DDX3X
CD40,CALR
CD40,632982
CD40,TRAF2
CD40,CD40LG
CD40,TRAF3
TNFRSF10A,TNFSF10
TNFRSF10A,SQSTM1
TNFRSF10A,OTUD7B
TNFRSF10A,FADD
TNFRSF10A,CUL3
TNFRSF10A,CFLAR
TNFRSF10A,CASP8
TNFRSF10A,CASP10
TNFRSF10A,ARAP1
TNFRSF10A,TNFRSF10B
TNFSF10,DKFZP564O0523
TNFSF10,IER3
TNFSF10,FADD
TNFSF10,CUL3
TNFSF10,CASP8
TNFSF10,CASP10
TNFSF10,C7orf64
TNFSF10,ACP5
TNFSF10,TNFRSF10D
TNFSF10,TNFRSF10C
TNFSF10,TNFRSF10A
TNFSF10,TNFRSF10B
TNFRSF10B,ARAP1
TNFRSF10B,TNFSF10
UBC,VCP
UBC,MYC
UBC,MAP3K1
UBC,PRKCA
UBC,TP53
UBC,LCK
UBC,MAP3K7
UBC,MAP3K7IP1
UBC,MALT1
UBC,ADRBK1
UBC,RELA
CALM3,VIPR1
CALM3,CRHR1
CALM3,ADCYAP1R1
NSMAF,TNFRSF1A
XPOT,TNFRSF1A
UBA52,NOTCH1
UBA52,TP53
UBA52,BCL10
TUBB4,NFKBIA
TUBB2B,MAP3K7IP1
TUBB,RIPK1
TRAF2,ZBTB16
TRAF2,UBXD5
TRAF2,UBC
TRAF2,TUBA3C
TRAF2,TRPC4AP
TRAF2,TCEANC
TRAF2,STUB1
TRAF2,RUVBL2
TRAF2,PSMF1
TRAF2,FBF1
TRAF2,DLG7
TRAF2,DKFZp761H172
TRAF2,CHMP2B
TRAF2,CALM3
TRAF2,ZNF646
TRAF2,ZNF205
TRAF2,ZFAND6
TRAF2,ZBTB43
TRAF2,ZBTB25
TRAF2,USP53
TRAF2,USP2
TRAF2,UBXN11
TRAF2,UBE2Z
TRAF2,TUBB4
TRAF2,TUBB
TRAF2,Q13748
TRAF2,TRPT1
TRAF2,TRIM31
TRAF2,TRAF6
TRAF2,TRAF3IP2
TRAF2,TRAF2
TRAF2,TIFA
TRAF2,THAP7
TRAF2,TCEB3B
TRAF2,SPRY2
TRAF2,SPG21
TRAF2,SPATA2
TRAF2,SOX30
TRAF2,SLC25A5
TRAF2,SETD5
TRAF2,RUVBL1
TRAF2,P62988
TRAF2,RPL23
TRAF2,RIBC2
TRAF2,RHEBL1
TRAF2,RGS14
TRAF2,PFKL
TRAF2,PARP1
TRAF2,NUDT18
TRAF2,NT5DC2
TRAF2,NRIP1
TRAF2,NIF3L1
TRAF2,NECAP2
TRAF2,NAP1L1
TRAF2,MYLK2
TRAF2,MAP3K7
TRAF2,MAP3K5
TRAF2,LZTS2
TRAF2,LNX1
TRAF2,KIAA1267
TRAF2,KIAA0408
TRAF2,IPO11
TRAF2,HSPA9
TRAF2,HSPA8
TRAF2,HSPA5
TRAF2,HSPA4
TRAF2,HSPA1L
TRAF2,HSP90AB1
TRAF2,HSP90AA1
TRAF2,HSP70-1
TRAF2,HINFP
TRAF2,GSTP1
TRAF2,GORASP2
TRAF2,FXR2
TRAF2,FRAP1
TRAF2,FBXO28
TRAF2,FATE1
TRAF2,FAM120B
TRAF2,FAM107A
TRAF2,EEF1A2
TRAF2,DNAJA1
TRAF2,DLGAP5
TRAF2,CLTC
TRAF2,CDCA3
TRAF2,CCDC33
TRAF2,CCDC130
TRAF2,P62158
TRAF2,CALCOCO2
TRAF2,CAD
TRAF2,C5orf55
TRAF2,C16orf48
TRAF2,BANP
TRAF2,BAHD1
TRAF2,BAG2
TRAF2,APPL1
TRAF2,APIP
TRAF2,APEX2
TRAF2,ANKRD26L1
TRAF2,AFF4
TRAF2,ACTG1
TRAF2,AASDHPPT
TRAF2,TANK
TRAF2,MAP3K7IP1
TRAF2,BIRC3
TRAF2,TRAF1
TRAF2,BIRC2
TRAF2,TRADD
TRAF2,TNFRSF14
TRAF2,TNFRSF1B
SLC25A6,TNFRSF10C
SLC1A5,MAP3K1
SEL1L,AUP1
SEL1L,UBE2J1
RPS3,IL2
RPS3,RELA
RPS3,NFKBIA
RPS3,NFKB1
P62988,TP53
RARS,TANK
PRKDC,ZIC2
PRKDC,CASP2
PRKDC,RPA1
PRKDC,XRCC6
PRKDC,LRDD
NAP1L1,EP300
NAP1L1,TP53
NAP1L1,CREBBP
MYH9,S100P
MYH9,NCL
MYH9,MYL9
MYH9,MEN1
MYH10,LLGL1
MYH10,EPB41
LRRC59,TRAF6
HSPA8,TRADD
HSPA5,CAV1
HSPA5,CASP8
HSP70-1,RELA
P62805,DAXX
HADHA,NFKB2
EPPK1,TNFRSF1B
DNAJA3,ZBTB22
DNAJA3,FAM131C
DNAJA3,COIL
DNAJA1,TRAF1
CSNK1A1,RIPK1
CAD,NFKB2
C1QBP,REL
BIRC2,UBC
BIRC2,UBE2J1
BIRC2,TRAF2
BIRC2,MAP3K14
BIRC2,MAGEA11
BIRC2,JUP
BIRC2,DIABLO
BIRC2,CASP3
PFKL,IKBKE
PFKL,TNFRSF1A
HSPA9,TNFRSF1A
ERAP1,TNFRSF1A
TNF,TRAF2
TNF,TRADD
TNF,RIPK1
TNF,BIRC2
TNF,LTBR
TNF,LTA
TNF,TNF
TNF,TNFRSF1A
LTA,LGALS2
LTA,TUBA1A
LTA,LTB
LTA,LTA
LTA,TNFRSF1B
FANCD2,TNFRSF1B
TRADD,UBC
TRADD,TUBA3C
TRADD,TRAF3
TRADD,TRAF1
TRADD,HSPA8
TRADD,CALM3
TRADD,VIM
TRADD,TUBB4
TRADD,TUBB
TRADD,Q13748
TRADD,TRAF2
TRADD,TRADD
TRADD,SLC25A6
TRADD,SLC25A5
TRADD,SLC25A3
TRADD,RPS3
TRADD,P62988
TRADD,RPS27
TRADD,RPS16
TRADD,RCN2
TRADD,PRKDC
TRADD,NAP1L1
TRADD,LGALS3BP
TRADD,KRT18
TRADD,KRT14
TRADD,KPNB1
TRADD,KIAA1967
TRADD,IPO8
TRADD,IPO7
TRADD,HSPA1L
TRADD,HSP90AB1
TRADD,HSP90AA1
TRADD,HSP70-1
TRADD,EEF1A2
TRADD,DNAJA1
TRADD,CLTC
TRADD,P62158
TRADD,CAD
TRADD,C1QBP
TRADD,ATP2A2
TRADD,ATP1A1
TRADD,ATAD3A
TRADD,AIFM1
TRADD,ACTG1
TRADD,RIPK1
TRADD,FADD
TRADD,TNFRSF1A
TNFRSF1A,UBC
TNFRSF1A,TUBA3C
TNFRSF1A,PFKL
TNFRSF1A,HSPA9
TNFRSF1A,HIST1H2AE
TNFRSF1A,CALM3
TNFRSF1A,C2orf30
TNFRSF1A,XPOT
TNFRSF1A,UBA52
TNFRSF1A,TUBB6
TNFRSF1A,TUBB4
TNFRSF1A,TUBB2B
TNFRSF1A,TUBB
TNFRSF1A,Q13748
TNFRSF1A,TRAF2
TNFRSF1A,TRADD
TNFRSF1A,TIMM50
TNFRSF1A,SSR4
TNFRSF1A,SLC25A6
TNFRSF1A,SLC25A5
TNFRSF1A,SLC25A3
TNFRSF1A,SLC1A5
TNFRSF1A,SEL1L
TNFRSF1A,SEC61A1
TNFRSF1A,RUVBL1
TNFRSF1A,RPS3
TNFRSF1A,P62988
TNFRSF1A,RPS27A
TNFRSF1A,RPS27
TNFRSF1A,RPS16
TNFRSF1A,RPL23
TNFRSF1A,RCN2
TNFRSF1A,RARS
TNFRSF1A,PRKDC
TNFRSF1A,NAP1L1
TNFRSF1A,MYO6
TNFRSF1A,MYL6
TNFRSF1A,MYL12A
TNFRSF1A,MYH9
TNFRSF1A,MYH10
TNFRSF1A,MON2
TNFRSF1A,LRRC59
TNFRSF1A,IPO8
TNFRSF1A,HSPA8
TNFRSF1A,HSPA6
TNFRSF1A,HSPA5
TNFRSF1A,HSPA1L
TNFRSF1A,HSP70-1
TNFRSF1A,hSF21
TNFRSF1A,HIST3H3
TNFRSF1A,P62805
TNFRSF1A,HIST1H2BB
TNFRSF1A,P04908
TNFRSF1A,HAX1
TNFRSF1A,HADHA
TNFRSF1A,GCN1L1
TNFRSF1A,FANCI
TNFRSF1A,ERLEC1
TNFRSF1A,EPPK1
TNFRSF1A,DNAJB12
TNFRSF1A,DNAJA3
TNFRSF1A,DNAJA1
TNFRSF1A,DDOST
TNFRSF1A,CSNK1A1
TNFRSF1A,CLTCL1
TNFRSF1A,CLTC
TNFRSF1A,CDIPT
TNFRSF1A,CANX
TNFRSF1A,P62158
TNFRSF1A,CAD
TNFRSF1A,C1QBP
TNFRSF1A,BIRC2
TNFRSF1A,BAG2
TNFRSF1A,ATP5A1
TNFRSF1A,ATP2A2
TNFRSF1A,ATP1A1
TNFRSF1A,ATAD3A
TNFRSF1A,AFG3L2
TNFRSF1A,ACTG1
TNFRSF1A,TNFRSF1A
TNFRSF1A,TNF
TNFRSF1A,RIPK1
TNFRSF1A,LTA
TNFRSF1A,FANCD2
TNFRSF1A,FADD
TNFRSF1A,TRAP1
FYN,CNTFR
FYN,NR3C1
FYN,PRKCD
FYN,WAS
FYN,BCL3
FYN,ADAM15
FYN,FLNA
FYN,FCGR2B
YES1,FASLG
YES1,FAS
SUMO1,TP53
SUMO1,DAXX
SRC,ACTN1
SRC,CELSR2
SRC,TLR3
SRC,PRKCD
SRC,MAP4K1
SRC,IKBKB
SRC,ERBB3
SRC,ADAM15
SRC,IKBKG
SRC,FASLG
PTPN13,PLEKHA1
PTPN13,PKN2
PTPN13,GRB2
PTPN13,PLEKHA2
PTPN13,STK25
PTPN13,PDCD10
PDCD6,DAPK1
MAP3K5,MAP2K7
MAP3K5,MAP3K3
MAP3K5,YWHAQ
MAP3K5,YWHAH
MAP3K5,YWHAE
MAP3K5,YWHAB
MAP3K5,SFN
MAP3K5,MAP3K6
MAP3K5,GSTP1
MAP3K5,AKT1
MAP3K5,MAP3K5
CASP10,CASP10
CASP10,CASP8
CASP10,CFLAR
CASP10,FADD
CASP8,TOPORS
CASP8,NUCB2
CASP8,NUCB1
CASP8,NCL
CASP8,MAPK3
CASP8,MAPK1
CASP8,CASP8AP2
CASP8,VIM
CASP8,UBE2V1
CASP8,UBE2L3
CASP8,UBE2D1
CASP8,TRAF2
CASP8,SQSTM1
CASP8,P62988
CASP8,RIPK3
CASP8,OTUD7B
CASP8,ILK
CASP8,CUL3
CASP8,CHD3
CASP8,CASP8
CASP8,CASP10
CASP8,BCL2
CASP8,BCAP31
CASP8,TRAF1
CASP8,BIRC2
CASP8,CFLAR
CASP8,RIPK1
CASP8,FADD
CASP8,TRADD
CASP8,TNFRSF10A
CASP8,FAS
CALM1CALM2CALM3,EGFR
CALM1CALM2CALM3,TNFRSF1B
CALM1CALM2CALM3,FAS
FASLG,PSTPIP1
FASLG,TJP3
FASLG,TEC
FASLG,SRGAP1
FASLG,SPTA1
FASLG,SORBS3
FASLG,SNX9
FASLG,SNX33
FASLG,SH3PXD2B
FASLG,SH3PXD2A
FASLG,PIK3R1
FASLG,OSTF1
FASLG,NCK2
FASLG,NCK1
FASLG,NCF1
FASLG,MIA
FASLG,ITSN2
FASLG,ITK
FASLG,FYN
FASLG,DLG2
FASLG,CRK
FASLG,CASP8
FASLG,CASP10
FASLG,CACNB3
FASLG,BTK
FASLG,BAIAP2L1
FASLG,TNFRSF6B
FASLG,FADD
FASLG,FAS
DAXX,RASSF1
DAXX,UBC
DAXX,USP7
DAXX,TSG101
DAXX,TP53
DAXX,TGFBR2
DAXX,TCF7L2
DAXX,SUMO1
DAXX,STAT3
DAXX,SLC2A4
DAXX,PML
DAXX,PAX5
DAXX,MDM2
DAXX,MCRS1
DAXX,MAP3K5
DAXX,HSPB1
DAXX,P62805
DAXX,HIPK1
DAXX,HDAC2
DAXX,HDAC1
DAXX,ETS1
DAXX,DEK
DAXX,DAXX
DAXX,CREBBP
DAXX,CDKN2A
DAXX,ATRX
DAXX,AR
DAXX,ACVR2A
RIPK1,TUBB
RIPK1,TUBA3C
RIPK1,TRIM38
RIPK1,TRAF3
RIPK1,TRAF2
RIPK1,TRAF1
RIPK1,LRDD
RIPK1,TUBB4
RIPK1,Q13748
RIPK1,TIMM50
RIPK1,SLC25A5
RIPK1,RPL23
RIPK1,RIPK3
RIPK1,RIPK1
RIPK1,RCN2
RIPK1,IKBKG
RIPK1,HSPA9
RIPK1,HSPA8
RIPK1,HSPA5
RIPK1,HSPA1L
RIPK1,HSP90AB1
RIPK1,HSP90AA1
RIPK1,HSP70-1
RIPK1,DNAJA1
RIPK1,CSNK1A1
RIPK1,CCDC50
RIPK1,CAD
RIPK1,ACTG1
RIPK1,FADD
RIPK1,FAS
FAS,C1orf103
FAS,FYN
FAS,SUMO1
FAS,SRC
FAS,RIF1
FAS,PTPN13
FAS,PDCD6
FAS,MAP3K5
FAS,FADD
FAS,EEF1A1
FAS,CRMP1
FAS,CASP8
FAS,CASP10
FAS,P62158
FAS,C14orf1
FAS,DAXX
FAS,FAS
FADD,XPO1
FADD,CASP10
FADD,XPO5
FADD,RIPK3
FADD,RIPK1
FADD,MBD4
FADD,FADD
FADD,EDA2R
FADD,CASP8
FADD,CFLAR
FADD,TRADD
FADD,TNFRSF10B
FADD,FAS